"Ser No / Item ID","Sec Cat/Part No / Part No / Category Code","Barcode / Barcode / QR Code","Nomenclature / Equipment Name","Category","Sub-Category","UOM / Unit of Measure (UOM)","Auth Qty / Authorized Qty","System Qty","Physical Qty","Serviceable","Unserviceable","Condition","Status","Repairable","Issued To","Issued By","Location / Store Room","Min Stock Level","Date of Entry / Last Updated","Date of Exit","Time Entry","Remarks"
"SER-1001","SKU-CO-1001","","Dell Latitude Model 100 v1","Computing","Laptops","Unit","5","5","5","5","0","Good condition","Low Stock","Yes","Unassigned","ADM-101","Warehouse A-1","5","2026-08-29","N/A","02:27:00 AM","Sample item 1 barcode auto-assigned on import"
"SER-1002","SKU-PE-1002","","Razer DeathAdder Model 101 v2","Peripherals","USB Hubs","Set","6","6","6","6","0","Brand New","In Stock","Yes","Unassigned","ADM-101","Warehouse A-2","5","2026-08-29","N/A","02:27:00 AM","Sample item 2 barcode auto-assigned on import"
"SER-1003","SKU-NE-1003","","TP-Link Omada Model 102 v3","Networking","Routers","Pack","7","7","7","7","0","Inspected - Good","In Stock","Yes","Unassigned","ADM-101","Warehouse B-1","5","2026-08-29","N/A","02:27:00 AM","Sample item 3 barcode auto-assigned on import"
"SER-1004","SKU-OF-1004","","Epson WorkForce Pro Model 103 v4","Office Tech","3D Printers","Piece","8","8","8","8","0","Operational","In Stock","Yes","Unassigned","ADM-101","Warehouse B-2","5","2026-08-29","N/A","02:27:00 AM","Sample item 4 barcode auto-assigned on import"
"SER-1005","SKU-SE-1005","","Axis Camera Model 104 v5","Security & Access","Access Control","Box","9","9","9","9","0","Good condition","In Stock","Yes","Unassigned","ADM-101","Warehouse C-3","5","2026-08-29","N/A","02:27:00 AM","Sample item 5 barcode auto-assigned on import"
"SER-1006","SKU-FI-1006","","Axon Body 3 Model 105 v1","Field Ops","Rugged Tablets","Kit","10","10","10","10","0","Brand New","In Stock","Yes","Unassigned","ADM-101","HQ Floor 2","5","2026-08-29","N/A","02:27:00 AM","Sample item 6 barcode auto-assigned on import"
"SER-1007","SKU-AU-1007","","Samsung Flip Pro Model 106 v2","Audio Visual","Soundbars","Unit","11","11","11","11","0","Inspected - Good","In Stock","Yes","Unassigned","ADM-101","HQ Floor 4","5","2026-08-29","N/A","02:27:00 AM","Sample item 7 barcode auto-assigned on import"
"SER-1008","SKU-PO-1008","","Blue Sky Solar Model 107 v3","Power & Energy","Power Distribution","Set","12","12","12","12","0","Operational","In Stock","Yes","Unassigned","ADM-101","HQ Floor 7","5","2026-08-29","N/A","02:27:00 AM","Sample item 8 barcode auto-assigned on import"
"SER-1009","SKU-IN-1009","","Keyence Sensor Model 108 v4","Industrial Auto","Flow Meters","Pack","13","13","13","13","0","Good condition","In Stock","Yes","Unassigned","ADM-101","IT Room 101","5","2026-08-29","N/A","02:27:00 AM","Sample item 9 barcode auto-assigned on import"
"SER-1010","SKU-FA-1010","","Ecobee Smart Thermostat Model 109 v5","Facility & Climate","Dehumidifiers","Piece","14","14","14","14","0","Brand New","In Stock","Yes","Unassigned","ADM-101","Service Bay 3","5","2026-08-29","N/A","02:27:00 AM","Sample item 10 barcode auto-assigned on import"
"SER-1011","SKU-RO-1011","","DJI Matrice 300 RTK Model 110 v1","Robotics & Drones","Inspection Drones","Box","15","15","15","15","0","Inspected - Good","In Stock","Yes","Unassigned","ADM-101","Lab Alpha-4","5","2026-08-29","N/A","02:27:00 AM","Sample item 11 barcode auto-assigned on import"
"SER-1012","SKU-ME-1012","","Mettler Toledo Balance Model 111 v2","Medical & Lab","Spectrophotometers","Kit","16","16","16","16","0","Operational","In Stock","Yes","Unassigned","ADM-101","Clean Room 2","5","2026-08-29","N/A","02:27:00 AM","Sample item 12 barcode auto-assigned on import"
"SER-1013","SKU-CO-1013","","Asus ExpertBook Model 112 v3","Computing","Laptops","Unit","17","17","17","17","0","Good condition","In Stock","Yes","Unassigned","ADM-101","Field Ops Station Delta","5","2026-08-29","N/A","02:27:00 AM","Sample item 13 barcode auto-assigned on import"
"SER-1014","SKU-PE-1014","","Logitech MX Master Model 113 v4","Peripherals","USB Hubs","Set","18","18","18","18","0","Brand New","In Stock","Yes","Unassigned","ADM-101","Data Center West","5","2026-08-29","N/A","02:27:00 AM","Sample item 14 barcode auto-assigned on import"
"SER-1015","SKU-NE-1015","","FS.com 10G SFP+ Model 114 v5","Networking","Routers","Pack","19","19","19","19","0","Inspected - Good","In Stock","Yes","Unassigned","ADM-101","Security Office","5","2026-08-29","N/A","02:27:00 AM","Sample item 15 barcode auto-assigned on import"
"SER-1016","SKU-OF-1016","","Fellowes Powershred Model 115 v1","Office Tech","Printers","Piece","20","20","20","20","0","Operational","In Stock","Yes","Unassigned","ADM-101","Warehouse A-1","5","2026-08-29","N/A","02:27:00 AM","Sample item 16 barcode auto-assigned on import"
"SER-1017","SKU-SE-1017","","ZKTeco Biometric Model 116 v2","Security & Access","Smart Locks","Box","21","21","21","21","0","Good condition","In Stock","Yes","Unassigned","ADM-101","Warehouse A-2","5","2026-08-29","N/A","02:27:00 AM","Sample item 17 barcode auto-assigned on import"
"SER-1018","SKU-FI-1018","","CipherLab RS35 Model 117 v3","Field Ops","Barcode Scanners","Kit","22","22","22","22","0","Brand New","In Stock","Yes","Unassigned","ADM-101","Warehouse B-1","5","2026-08-29","N/A","02:27:00 AM","Sample item 18 barcode auto-assigned on import"
"SER-1019","SKU-AU-1019","","Sony SRG-X400 Model 118 v4","Audio Visual","PTZ Cameras","Unit","23","23","23","23","0","Inspected - Good","In Stock","Yes","Unassigned","ADM-101","Warehouse B-2","5","2026-08-29","N/A","02:27:00 AM","Sample item 19 barcode auto-assigned on import"
"SER-1020","SKU-PO-1020","","CyberPower OR2200LCD Model 119 v5","Power & Energy","Solar Inverters","Set","24","24","24","24","0","Operational","In Stock","Yes","Unassigned","ADM-101","Warehouse C-3","5","2026-08-29","N/A","02:27:00 AM","Sample item 20 barcode auto-assigned on import"
"SER-1021","SKU-IN-1021","","Siemens S7-1200 Model 120 v1","Industrial Auto","PLC Controllers","Pack","25","25","25","25","0","Good condition","In Stock","Yes","Unassigned","ADM-101","HQ Floor 2","5","2026-08-29","N/A","02:27:00 AM","Sample item 21 barcode auto-assigned on import"
"SER-1022","SKU-FA-1022","","Sensaphone Remote Model 121 v2","Facility & Climate","Smart Thermostats","Piece","26","26","26","26","0","Brand New","In Stock","Yes","Unassigned","ADM-101","HQ Floor 4","5","2026-08-29","N/A","02:27:00 AM","Sample item 22 barcode auto-assigned on import"
"SER-1023","SKU-RO-1023","","Livox Mid-70 Model 122 v3","Robotics & Drones","Robotic Arms","Box","27","27","27","27","0","Inspected - Good","In Stock","Yes","Unassigned","ADM-101","HQ Floor 7","5","2026-08-29","N/A","02:27:00 AM","Sample item 23 barcode auto-assigned on import"
"SER-1024","SKU-ME-1024","","Thermo Scientific Pico 17 Model 123 v4","Medical & Lab","Thermal Cyclers","Kit","28","28","28","28","0","Operational","In Stock","Yes","Unassigned","ADM-101","IT Room 101","5","2026-08-29","N/A","02:27:00 AM","Sample item 24 barcode auto-assigned on import"
"SER-1025","SKU-CO-1025","","Apple iMac Model 124 v5","Computing","Laptops","Unit","29","29","29","29","0","Good condition","In Stock","Yes","Unassigned","ADM-101","Service Bay 3","5","2026-08-29","N/A","02:27:00 AM","Sample item 25 barcode auto-assigned on import"
"SER-1026","SKU-PE-1026","","Dell Thunderbolt Dock Model 125 v1","Peripherals","USB Hubs","Set","5","5","5","5","0","Brand New","Low Stock","Yes","Unassigned","ADM-101","Lab Alpha-4","5","2026-08-29","N/A","02:27:00 AM","Sample item 26 barcode auto-assigned on import"
"SER-1027","SKU-NE-1027","","Fortinet FortiGate 60F Model 126 v2","Networking","Routers","Pack","6","6","6","6","0","Inspected - Good","In Stock","Yes","Unassigned","ADM-101","Clean Room 2","5","2026-08-29","N/A","02:27:00 AM","Sample item 27 barcode auto-assigned on import"
"SER-1028","SKU-OF-1028","","Zebra ZD421 Model 127 v3","Office Tech","Scanners","Piece","7","7","7","7","0","Operational","In Stock","Yes","Unassigned","ADM-101","Field Ops Station Delta","5","2026-08-29","N/A","02:27:00 AM","Sample item 28 barcode auto-assigned on import"
"SER-1029","SKU-SE-1029","","Yale Smart Lock Pro Model 128 v4","Security & Access","Intrusion Detectors","Box","8","8","8","8","0","Good condition","In Stock","Yes","Unassigned","ADM-101","Data Center West","5","2026-08-29","N/A","02:27:00 AM","Sample item 29 barcode auto-assigned on import"
"SER-1030","SKU-FI-1030","","Honeywell Voyager Model 129 v5","Field Ops","Thermal Printers","Kit","9","9","9","9","0","Brand New","In Stock","Yes","Unassigned","ADM-101","Security Office","5","2026-08-29","N/A","02:27:00 AM","Sample item 30 barcode auto-assigned on import"
"SER-1031","SKU-AU-1031","","Epson Pro EX10000 Model 130 v1","Audio Visual","Projectors","Unit","10","10","10","10","0","Inspected - Good","In Stock","Yes","Unassigned","ADM-101","Warehouse A-1","5","2026-08-29","N/A","02:27:00 AM","Sample item 31 barcode auto-assigned on import"
"SER-1032","SKU-PO-1032","","Raritan PX3 Model 131 v2","Power & Energy","Battery Packs","Set","11","11","11","11","0","Operational","In Stock","Yes","Unassigned","ADM-101","Warehouse A-2","5","2026-08-29","N/A","02:27:00 AM","Sample item 32 barcode auto-assigned on import"
"SER-1033","SKU-IN-1033","","Mitsubishi MELSEC Model 132 v3","Industrial Auto","HMI Panels","Pack","12","12","12","12","0","Good condition","In Stock","Yes","Unassigned","ADM-101","Warehouse B-1","5","2026-08-29","N/A","02:27:00 AM","Sample item 33 barcode auto-assigned on import"
"SER-1034","SKU-FA-1034","","Levoit Core 600S Model 133 v4","Facility & Climate","Access Floors","Piece","13","13","13","13","0","Brand New","In Stock","Yes","Unassigned","ADM-101","Warehouse B-2","5","2026-08-29","N/A","02:27:00 AM","Sample item 34 barcode auto-assigned on import"
"SER-1035","SKU-RO-1035","","MiR250 AGV Model 134 v5","Robotics & Drones","AGV Carts","Box","14","14","14","14","0","Inspected - Good","In Stock","Yes","Unassigned","ADM-101","Warehouse C-3","5","2026-08-29","N/A","02:27:00 AM","Sample item 35 barcode auto-assigned on import"
"SER-1036","SKU-ME-1036","","Bio-Rad T100 Model 135 v1","Medical & Lab","Centrifuges","Kit","15","15","15","15","0","Operational","In Stock","Yes","Unassigned","ADM-101","HQ Floor 2","5","2026-08-29","N/A","02:27:00 AM","Sample item 36 barcode auto-assigned on import"
"SER-1037","SKU-CO-1037","","Lenovo ThinkPad Model 136 v2","Computing","Laptops","Unit","16","16","16","16","0","Good condition","In Stock","Yes","Unassigned","ADM-101","HQ Floor 4","5","2026-08-29","N/A","02:27:00 AM","Sample item 37 barcode auto-assigned on import"
"SER-1038","SKU-PE-1038","","CalDigit TS4 Model 137 v3","Peripherals","USB Hubs","Set","17","17","17","17","0","Brand New","In Stock","Yes","Unassigned","ADM-101","HQ Floor 7","5","2026-08-29","N/A","02:27:00 AM","Sample item 38 barcode auto-assigned on import"
"SER-1039","SKU-NE-1039","","Aruba Instant On Model 138 v4","Networking","Routers","Pack","18","18","18","18","0","Inspected - Good","In Stock","Yes","Unassigned","ADM-101","IT Room 101","5","2026-08-29","N/A","02:27:00 AM","Sample item 39 barcode auto-assigned on import"
"SER-1040","SKU-OF-1040","","Fujitsu ScanSnap Model 139 v5","Office Tech","Shredders","Piece","19","19","19","19","0","Operational","In Stock","Yes","Unassigned","ADM-101","Service Bay 3","5","2026-08-29","N/A","02:27:00 AM","Sample item 40 barcode auto-assigned on import"
"SER-1041","SKU-SE-1041","","Hikvision 4K Dome Model 140 v1","Security & Access","Biometric Readers","Box","20","20","20","20","0","Good condition","In Stock","Yes","Unassigned","ADM-101","Lab Alpha-4","5","2026-08-29","N/A","02:27:00 AM","Sample item 41 barcode auto-assigned on import"
"SER-1042","SKU-FI-1042","","TSC Alpha-3R Model 141 v2","Field Ops","Handheld GPS","Kit","21","21","21","21","0","Brand New","In Stock","Yes","Unassigned","ADM-101","Clean Room 2","5","2026-08-29","N/A","02:27:00 AM","Sample item 42 barcode auto-assigned on import"
"SER-1043","SKU-AU-1043","","Shure Stem Mic Model 142 v3","Audio Visual","Interactive Displays","Unit","22","22","22","22","0","Inspected - Good","In Stock","Yes","Unassigned","ADM-101","Field Ops Station Delta","5","2026-08-29","N/A","02:27:00 AM","Sample item 43 barcode auto-assigned on import"
"SER-1044","SKU-PO-1044","","Eaton 9PX UPS Model 143 v4","Power & Energy","Voltage Stabilizers","Set","23","23","23","23","0","Operational","In Stock","Yes","Unassigned","ADM-101","Data Center West","5","2026-08-29","N/A","02:27:00 AM","Sample item 44 barcode auto-assigned on import"
"SER-1045","SKU-IN-1045","","Yokogawa Flowmeter Model 144 v5","Industrial Auto","Servo Drives","Pack","24","24","24","24","0","Good condition","In Stock","Yes","Unassigned","ADM-101","Security Office","5","2026-08-29","N/A","02:27:00 AM","Sample item 45 barcode auto-assigned on import"
"SER-1046","SKU-FA-1046","","Quest Dual 155 Model 145 v1","Facility & Climate","Air Purifiers","Piece","25","25","25","25","0","Brand New","In Stock","Yes","Unassigned","ADM-101","Warehouse A-1","5","2026-08-29","N/A","02:27:00 AM","Sample item 46 barcode auto-assigned on import"
"SER-1047","SKU-RO-1047","","Universal Robots UR5e Model 146 v2","Robotics & Drones","LIDAR Sensors","Box","26","26","26","26","0","Inspected - Good","In Stock","Yes","Unassigned","ADM-101","Warehouse A-2","5","2026-08-29","N/A","02:27:00 AM","Sample item 47 barcode auto-assigned on import"
"SER-1048","SKU-ME-1048","","Hach DR3900 Model 147 v3","Medical & Lab","Digital Microscopes","Kit","27","27","27","27","0","Operational","In Stock","Yes","Unassigned","ADM-101","Warehouse B-1","5","2026-08-29","N/A","02:27:00 AM","Sample item 48 barcode auto-assigned on import"
"SER-1049","SKU-CO-1049","","Dell Precision Model 148 v4","Computing","Laptops","Unit","28","28","28","28","0","Good condition","In Stock","Yes","Unassigned","ADM-101","Warehouse B-2","5","2026-08-29","N/A","02:27:00 AM","Sample item 49 barcode auto-assigned on import"
"SER-1050","SKU-PE-1050","","Anker PowerExpand Model 149 v5","Peripherals","USB Hubs","Set","29","29","29","29","0","Brand New","In Stock","Yes","Unassigned","ADM-101","Warehouse C-3","5","2026-08-29","N/A","02:27:00 AM","Sample item 50 barcode auto-assigned on import"
"SER-1051","SKU-NE-1051","","Cisco Catalyst 9300 Model 150 v1","Networking","Routers","Pack","5","5","5","5","0","Inspected - Good","Low Stock","Yes","Unassigned","ADM-101","HQ Floor 2","5","2026-08-29","N/A","02:27:00 AM","Sample item 51 barcode auto-assigned on import"
"SER-1052","SKU-OF-1052","","Creality Ender 3 Model 151 v2","Office Tech","Laminators","Piece","6","6","6","6","0","Operational","In Stock","Yes","Unassigned","ADM-101","HQ Floor 4","5","2026-08-29","N/A","02:27:00 AM","Sample item 52 barcode auto-assigned on import"
"SER-1053","SKU-SE-1053","","Bosch Motion Detector Model 152 v3","Security & Access","CCTV Cameras","Box","7","7","7","7","0","Good condition","In Stock","Yes","Unassigned","ADM-101","HQ Floor 7","5","2026-08-29","N/A","02:27:00 AM","Sample item 53 barcode auto-assigned on import"
"SER-1054","SKU-FI-1054","","Getac F110 Model 153 v4","Field Ops","Body Cams","Kit","8","8","8","8","0","Brand New","In Stock","Yes","Unassigned","ADM-101","IT Room 101","5","2026-08-29","N/A","02:27:00 AM","Sample item 54 barcode auto-assigned on import"
"SER-1055","SKU-AU-1055","","Aver Cam520 Pro Model 154 v5","Audio Visual","Conference Mics","Unit","9","9","9","9","0","Inspected - Good","In Stock","Yes","Unassigned","ADM-101","Service Bay 3","5","2026-08-29","N/A","02:27:00 AM","Sample item 55 barcode auto-assigned on import"
"SER-1056","SKU-PO-1056","","Enphase IQ8 Model 155 v1","Power & Energy","UPS Systems","Set","10","10","10","10","0","Operational","In Stock","Yes","Unassigned","ADM-101","Lab Alpha-4","5","2026-08-29","N/A","02:27:00 AM","Sample item 56 barcode auto-assigned on import"
"SER-1057","SKU-IN-1057","","Schneider Modicon Model 156 v2","Industrial Auto","Sensors","Pack","11","11","11","11","0","Good condition","In Stock","Yes","Unassigned","ADM-101","Clean Room 2","5","2026-08-29","N/A","02:27:00 AM","Sample item 57 barcode auto-assigned on import"
"SER-1058","SKU-FA-1058","","Honeywell Air Sensor Model 157 v3","Facility & Climate","Env Sensors","Piece","12","12","12","12","0","Brand New","In Stock","Yes","Unassigned","ADM-101","Field Ops Station Delta","5","2026-08-29","N/A","02:27:00 AM","Sample item 58 barcode auto-assigned on import"
"SER-1059","SKU-RO-1059","","Skydio X2 Enterprise Model 158 v4","Robotics & Drones","Flight Controllers","Box","13","13","13","13","0","Inspected - Good","In Stock","Yes","Unassigned","ADM-101","Data Center West","5","2026-08-29","N/A","02:27:00 AM","Sample item 59 barcode auto-assigned on import"
"SER-1060","SKU-ME-1060","","Olympus CX23 Model 159 v5","Medical & Lab","Autoclaves","Kit","14","14","14","14","0","Operational","In Stock","Yes","Unassigned","ADM-101","Security Office","5","2026-08-29","N/A","02:27:00 AM","Sample item 60 barcode auto-assigned on import"
"SER-1061","SKU-CO-1061","","Dell Latitude Model 160 v1","Computing","Laptops","Unit","15","15","15","15","0","Good condition","In Stock","Yes","Unassigned","ADM-101","Warehouse A-1","5","2026-08-29","N/A","02:27:00 AM","Sample item 61 barcode auto-assigned on import"
"SER-1062","SKU-PE-1062","","Razer DeathAdder Model 161 v2","Peripherals","USB Hubs","Set","16","16","16","16","0","Brand New","In Stock","Yes","Unassigned","ADM-101","Warehouse A-2","5","2026-08-29","N/A","02:27:00 AM","Sample item 62 barcode auto-assigned on import"
"SER-1063","SKU-NE-1063","","TP-Link Omada Model 162 v3","Networking","Routers","Pack","17","17","17","17","0","Inspected - Good","In Stock","Yes","Unassigned","ADM-101","Warehouse B-1","5","2026-08-29","N/A","02:27:00 AM","Sample item 63 barcode auto-assigned on import"
"SER-1064","SKU-OF-1064","","Epson WorkForce Pro Model 163 v4","Office Tech","3D Printers","Piece","18","18","18","18","0","Operational","In Stock","Yes","Unassigned","ADM-101","Warehouse B-2","5","2026-08-29","N/A","02:27:00 AM","Sample item 64 barcode auto-assigned on import"
"SER-1065","SKU-SE-1065","","Axis Camera Model 164 v5","Security & Access","Access Control","Box","19","19","19","19","0","Good condition","In Stock","Yes","Unassigned","ADM-101","Warehouse C-3","5","2026-08-29","N/A","02:27:00 AM","Sample item 65 barcode auto-assigned on import"
"SER-1066","SKU-FI-1066","","Axon Body 3 Model 165 v1","Field Ops","Rugged Tablets","Kit","20","20","20","20","0","Brand New","In Stock","Yes","Unassigned","ADM-101","HQ Floor 2","5","2026-08-29","N/A","02:27:00 AM","Sample item 66 barcode auto-assigned on import"
"SER-1067","SKU-AU-1067","","Samsung Flip Pro Model 166 v2","Audio Visual","Soundbars","Unit","21","21","21","21","0","Inspected - Good","In Stock","Yes","Unassigned","ADM-101","HQ Floor 4","5","2026-08-29","N/A","02:27:00 AM","Sample item 67 barcode auto-assigned on import"
"SER-1068","SKU-PO-1068","","Blue Sky Solar Model 167 v3","Power & Energy","Power Distribution","Set","22","22","22","22","0","Operational","In Stock","Yes","Unassigned","ADM-101","HQ Floor 7","5","2026-08-29","N/A","02:27:00 AM","Sample item 68 barcode auto-assigned on import"
"SER-1069","SKU-IN-1069","","Keyence Sensor Model 168 v4","Industrial Auto","Flow Meters","Pack","23","23","23","23","0","Good condition","In Stock","Yes","Unassigned","ADM-101","IT Room 101","5","2026-08-29","N/A","02:27:00 AM","Sample item 69 barcode auto-assigned on import"
"SER-1070","SKU-FA-1070","","Ecobee Smart Thermostat Model 169 v5","Facility & Climate","Dehumidifiers","Piece","24","24","24","24","0","Brand New","In Stock","Yes","Unassigned","ADM-101","Service Bay 3","5","2026-08-29","N/A","02:27:00 AM","Sample item 70 barcode auto-assigned on import"
"SER-1071","SKU-RO-1071","","DJI Matrice 300 RTK Model 170 v1","Robotics & Drones","Inspection Drones","Box","25","25","25","25","0","Inspected - Good","In Stock","Yes","Unassigned","ADM-101","Lab Alpha-4","5","2026-08-29","N/A","02:27:00 AM","Sample item 71 barcode auto-assigned on import"
"SER-1072","SKU-ME-1072","","Mettler Toledo Balance Model 171 v2","Medical & Lab","Spectrophotometers","Kit","26","26","26","26","0","Operational","In Stock","Yes","Unassigned","ADM-101","Clean Room 2","5","2026-08-29","N/A","02:27:00 AM","Sample item 72 barcode auto-assigned on import"
"SER-1073","SKU-CO-1073","","Asus ExpertBook Model 172 v3","Computing","Laptops","Unit","27","27","27","27","0","Good condition","In Stock","Yes","Unassigned","ADM-101","Field Ops Station Delta","5","2026-08-29","N/A","02:27:00 AM","Sample item 73 barcode auto-assigned on import"
"SER-1074","SKU-PE-1074","","Logitech MX Master Model 173 v4","Peripherals","USB Hubs","Set","28","28","28","28","0","Brand New","In Stock","Yes","Unassigned","ADM-101","Data Center West","5","2026-08-29","N/A","02:27:00 AM","Sample item 74 barcode auto-assigned on import"
"SER-1075","SKU-NE-1075","","FS.com 10G SFP+ Model 174 v5","Networking","Routers","Pack","29","29","29","29","0","Inspected - Good","In Stock","Yes","Unassigned","ADM-101","Security Office","5","2026-08-29","N/A","02:27:00 AM","Sample item 75 barcode auto-assigned on import"
"SER-1076","SKU-OF-1076","","Fellowes Powershred Model 175 v1","Office Tech","Printers","Piece","5","5","5","5","0","Operational","Low Stock","Yes","Unassigned","ADM-101","Warehouse A-1","5","2026-08-29","N/A","02:27:00 AM","Sample item 76 barcode auto-assigned on import"
"SER-1077","SKU-SE-1077","","ZKTeco Biometric Model 176 v2","Security & Access","Smart Locks","Box","6","6","6","6","0","Good condition","In Stock","Yes","Unassigned","ADM-101","Warehouse A-2","5","2026-08-29","N/A","02:27:00 AM","Sample item 77 barcode auto-assigned on import"
"SER-1078","SKU-FI-1078","","CipherLab RS35 Model 177 v3","Field Ops","Barcode Scanners","Kit","7","7","7","7","0","Brand New","In Stock","Yes","Unassigned","ADM-101","Warehouse B-1","5","2026-08-29","N/A","02:27:00 AM","Sample item 78 barcode auto-assigned on import"
"SER-1079","SKU-AU-1079","","Sony SRG-X400 Model 178 v4","Audio Visual","PTZ Cameras","Unit","8","8","8","8","0","Inspected - Good","In Stock","Yes","Unassigned","ADM-101","Warehouse B-2","5","2026-08-29","N/A","02:27:00 AM","Sample item 79 barcode auto-assigned on import"
"SER-1080","SKU-PO-1080","","CyberPower OR2200LCD Model 179 v5","Power & Energy","Solar Inverters","Set","9","9","9","9","0","Operational","In Stock","Yes","Unassigned","ADM-101","Warehouse C-3","5","2026-08-29","N/A","02:27:00 AM","Sample item 80 barcode auto-assigned on import"
"SER-1081","SKU-IN-1081","","Siemens S7-1200 Model 180 v1","Industrial Auto","PLC Controllers","Pack","10","10","10","10","0","Good condition","In Stock","Yes","Unassigned","ADM-101","HQ Floor 2","5","2026-08-29","N/A","02:27:00 AM","Sample item 81 barcode auto-assigned on import"
"SER-1082","SKU-FA-1082","","Sensaphone Remote Model 181 v2","Facility & Climate","Smart Thermostats","Piece","11","11","11","11","0","Brand New","In Stock","Yes","Unassigned","ADM-101","HQ Floor 4","5","2026-08-29","N/A","02:27:00 AM","Sample item 82 barcode auto-assigned on import"
"SER-1083","SKU-RO-1083","","Livox Mid-70 Model 182 v3","Robotics & Drones","Robotic Arms","Box","12","12","12","12","0","Inspected - Good","In Stock","Yes","Unassigned","ADM-101","HQ Floor 7","5","2026-08-29","N/A","02:27:00 AM","Sample item 83 barcode auto-assigned on import"
"SER-1084","SKU-ME-1084","","Thermo Scientific Pico 17 Model 183 v4","Medical & Lab","Thermal Cyclers","Kit","13","13","13","13","0","Operational","In Stock","Yes","Unassigned","ADM-101","IT Room 101","5","2026-08-29","N/A","02:27:00 AM","Sample item 84 barcode auto-assigned on import"
"SER-1085","SKU-CO-1085","","Apple iMac Model 184 v5","Computing","Laptops","Unit","14","14","14","14","0","Good condition","In Stock","Yes","Unassigned","ADM-101","Service Bay 3","5","2026-08-29","N/A","02:27:00 AM","Sample item 85 barcode auto-assigned on import"
"SER-1086","SKU-PE-1086","","Dell Thunderbolt Dock Model 185 v1","Peripherals","USB Hubs","Set","15","15","15","15","0","Brand New","In Stock","Yes","Unassigned","ADM-101","Lab Alpha-4","5","2026-08-29","N/A","02:27:00 AM","Sample item 86 barcode auto-assigned on import"
"SER-1087","SKU-NE-1087","","Fortinet FortiGate 60F Model 186 v2","Networking","Routers","Pack","16","16","16","16","0","Inspected - Good","In Stock","Yes","Unassigned","ADM-101","Clean Room 2","5","2026-08-29","N/A","02:27:00 AM","Sample item 87 barcode auto-assigned on import"
"SER-1088","SKU-OF-1088","","Zebra ZD421 Model 187 v3","Office Tech","Scanners","Piece","17","17","17","17","0","Operational","In Stock","Yes","Unassigned","ADM-101","Field Ops Station Delta","5","2026-08-29","N/A","02:27:00 AM","Sample item 88 barcode auto-assigned on import"
"SER-1089","SKU-SE-1089","","Yale Smart Lock Pro Model 188 v4","Security & Access","Intrusion Detectors","Box","18","18","18","18","0","Good condition","In Stock","Yes","Unassigned","ADM-101","Data Center West","5","2026-08-29","N/A","02:27:00 AM","Sample item 89 barcode auto-assigned on import"
"SER-1090","SKU-FI-1090","","Honeywell Voyager Model 189 v5","Field Ops","Thermal Printers","Kit","19","19","19","19","0","Brand New","In Stock","Yes","Unassigned","ADM-101","Security Office","5","2026-08-29","N/A","02:27:00 AM","Sample item 90 barcode auto-assigned on import"
"SER-1091","SKU-AU-1091","","Epson Pro EX10000 Model 190 v1","Audio Visual","Projectors","Unit","20","20","20","20","0","Inspected - Good","In Stock","Yes","Unassigned","ADM-101","Warehouse A-1","5","2026-08-29","N/A","02:27:00 AM","Sample item 91 barcode auto-assigned on import"
"SER-1092","SKU-PO-1092","","Raritan PX3 Model 191 v2","Power & Energy","Battery Packs","Set","21","21","21","21","0","Operational","In Stock","Yes","Unassigned","ADM-101","Warehouse A-2","5","2026-08-29","N/A","02:27:00 AM","Sample item 92 barcode auto-assigned on import"
"SER-1093","SKU-IN-1093","","Mitsubishi MELSEC Model 192 v3","Industrial Auto","HMI Panels","Pack","22","22","22","22","0","Good condition","In Stock","Yes","Unassigned","ADM-101","Warehouse B-1","5","2026-08-29","N/A","02:27:00 AM","Sample item 93 barcode auto-assigned on import"
"SER-1094","SKU-FA-1094","","Levoit Core 600S Model 193 v4","Facility & Climate","Access Floors","Piece","23","23","23","23","0","Brand New","In Stock","Yes","Unassigned","ADM-101","Warehouse B-2","5","2026-08-29","N/A","02:27:00 AM","Sample item 94 barcode auto-assigned on import"
"SER-1095","SKU-RO-1095","","MiR250 AGV Model 194 v5","Robotics & Drones","AGV Carts","Box","24","24","24","24","0","Inspected - Good","In Stock","Yes","Unassigned","ADM-101","Warehouse C-3","5","2026-08-29","N/A","02:27:00 AM","Sample item 95 barcode auto-assigned on import"
"SER-1096","SKU-ME-1096","","Bio-Rad T100 Model 195 v1","Medical & Lab","Centrifuges","Kit","25","25","25","25","0","Operational","In Stock","Yes","Unassigned","ADM-101","HQ Floor 2","5","2026-08-29","N/A","02:27:00 AM","Sample item 96 barcode auto-assigned on import"
"SER-1097","SKU-CO-1097","","Lenovo ThinkPad Model 196 v2","Computing","Laptops","Unit","26","26","26","26","0","Good condition","In Stock","Yes","Unassigned","ADM-101","HQ Floor 4","5","2026-08-29","N/A","02:27:00 AM","Sample item 97 barcode auto-assigned on import"
"SER-1098","SKU-PE-1098","","CalDigit TS4 Model 197 v3","Peripherals","USB Hubs","Set","27","27","27","27","0","Brand New","In Stock","Yes","Unassigned","ADM-101","HQ Floor 7","5","2026-08-29","N/A","02:27:00 AM","Sample item 98 barcode auto-assigned on import"
"SER-1099","SKU-NE-1099","","Aruba Instant On Model 198 v4","Networking","Routers","Pack","28","28","28","28","0","Inspected - Good","In Stock","Yes","Unassigned","ADM-101","IT Room 101","5","2026-08-29","N/A","02:27:00 AM","Sample item 99 barcode auto-assigned on import"
"SER-1100","SKU-OF-1100","","Fujitsu ScanSnap Model 199 v5","Office Tech","Shredders","Piece","29","29","29","29","0","Operational","In Stock","Yes","Unassigned","ADM-101","Service Bay 3","5","2026-08-29","N/A","02:27:00 AM","Sample item 100 barcode auto-assigned on import"
"SER-1101","SKU-SE-1101","","Hikvision 4K Dome Model 200 v1","Security & Access","Biometric Readers","Box","5","5","5","5","0","Good condition","Low Stock","Yes","Unassigned","ADM-101","Lab Alpha-4","5","2026-08-29","N/A","02:27:00 AM","Sample item 101 barcode auto-assigned on import"
"SER-1102","SKU-FI-1102","","TSC Alpha-3R Model 201 v2","Field Ops","Handheld GPS","Kit","6","6","6","6","0","Brand New","In Stock","Yes","Unassigned","ADM-101","Clean Room 2","5","2026-08-29","N/A","02:27:00 AM","Sample item 102 barcode auto-assigned on import"
"SER-1103","SKU-AU-1103","","Shure Stem Mic Model 202 v3","Audio Visual","Interactive Displays","Unit","7","7","7","7","0","Inspected - Good","In Stock","Yes","Unassigned","ADM-101","Field Ops Station Delta","5","2026-08-29","N/A","02:27:00 AM","Sample item 103 barcode auto-assigned on import"
"SER-1104","SKU-PO-1104","","Eaton 9PX UPS Model 203 v4","Power & Energy","Voltage Stabilizers","Set","8","8","8","8","0","Operational","In Stock","Yes","Unassigned","ADM-101","Data Center West","5","2026-08-29","N/A","02:27:00 AM","Sample item 104 barcode auto-assigned on import"
"SER-1105","SKU-IN-1105","","Yokogawa Flowmeter Model 204 v5","Industrial Auto","Servo Drives","Pack","9","9","9","9","0","Good condition","In Stock","Yes","Unassigned","ADM-101","Security Office","5","2026-08-29","N/A","02:27:00 AM","Sample item 105 barcode auto-assigned on import"
"SER-1106","SKU-FA-1106","","Quest Dual 155 Model 205 v1","Facility & Climate","Air Purifiers","Piece","10","10","10","10","0","Brand New","In Stock","Yes","Unassigned","ADM-101","Warehouse A-1","5","2026-08-29","N/A","02:27:00 AM","Sample item 106 barcode auto-assigned on import"
"SER-1107","SKU-RO-1107","","Universal Robots UR5e Model 206 v2","Robotics & Drones","LIDAR Sensors","Box","11","11","11","11","0","Inspected - Good","In Stock","Yes","Unassigned","ADM-101","Warehouse A-2","5","2026-08-29","N/A","02:27:00 AM","Sample item 107 barcode auto-assigned on import"
"SER-1108","SKU-ME-1108","","Hach DR3900 Model 207 v3","Medical & Lab","Digital Microscopes","Kit","12","12","12","12","0","Operational","In Stock","Yes","Unassigned","ADM-101","Warehouse B-1","5","2026-08-29","N/A","02:27:00 AM","Sample item 108 barcode auto-assigned on import"
"SER-1109","SKU-CO-1109","","Dell Precision Model 208 v4","Computing","Laptops","Unit","13","13","13","13","0","Good condition","In Stock","Yes","Unassigned","ADM-101","Warehouse B-2","5","2026-08-29","N/A","02:27:00 AM","Sample item 109 barcode auto-assigned on import"
"SER-1110","SKU-PE-1110","","Anker PowerExpand Model 209 v5","Peripherals","USB Hubs","Set","14","14","14","14","0","Brand New","In Stock","Yes","Unassigned","ADM-101","Warehouse C-3","5","2026-08-29","N/A","02:27:00 AM","Sample item 110 barcode auto-assigned on import"
"SER-1111","SKU-NE-1111","","Cisco Catalyst 9300 Model 210 v1","Networking","Routers","Pack","15","15","15","15","0","Inspected - Good","In Stock","Yes","Unassigned","ADM-101","HQ Floor 2","5","2026-08-29","N/A","02:27:00 AM","Sample item 111 barcode auto-assigned on import"
"SER-1112","SKU-OF-1112","","Creality Ender 3 Model 211 v2","Office Tech","Laminators","Piece","16","16","16","16","0","Operational","In Stock","Yes","Unassigned","ADM-101","HQ Floor 4","5","2026-08-29","N/A","02:27:00 AM","Sample item 112 barcode auto-assigned on import"
"SER-1113","SKU-SE-1113","","Bosch Motion Detector Model 212 v3","Security & Access","CCTV Cameras","Box","17","17","17","17","0","Good condition","In Stock","Yes","Unassigned","ADM-101","HQ Floor 7","5","2026-08-29","N/A","02:27:00 AM","Sample item 113 barcode auto-assigned on import"
"SER-1114","SKU-FI-1114","","Getac F110 Model 213 v4","Field Ops","Body Cams","Kit","18","18","18","18","0","Brand New","In Stock","Yes","Unassigned","ADM-101","IT Room 101","5","2026-08-29","N/A","02:27:00 AM","Sample item 114 barcode auto-assigned on import"
"SER-1115","SKU-AU-1115","","Aver Cam520 Pro Model 214 v5","Audio Visual","Conference Mics","Unit","19","19","19","19","0","Inspected - Good","In Stock","Yes","Unassigned","ADM-101","Service Bay 3","5","2026-08-29","N/A","02:27:00 AM","Sample item 115 barcode auto-assigned on import"
"SER-1116","SKU-PO-1116","","Enphase IQ8 Model 215 v1","Power & Energy","UPS Systems","Set","20","20","20","20","0","Operational","In Stock","Yes","Unassigned","ADM-101","Lab Alpha-4","5","2026-08-29","N/A","02:27:00 AM","Sample item 116 barcode auto-assigned on import"
"SER-1117","SKU-IN-1117","","Schneider Modicon Model 216 v2","Industrial Auto","Sensors","Pack","21","21","21","21","0","Good condition","In Stock","Yes","Unassigned","ADM-101","Clean Room 2","5","2026-08-29","N/A","02:27:00 AM","Sample item 117 barcode auto-assigned on import"
"SER-1118","SKU-FA-1118","","Honeywell Air Sensor Model 217 v3","Facility & Climate","Env Sensors","Piece","22","22","22","22","0","Brand New","In Stock","Yes","Unassigned","ADM-101","Field Ops Station Delta","5","2026-08-29","N/A","02:27:00 AM","Sample item 118 barcode auto-assigned on import"
"SER-1119","SKU-RO-1119","","Skydio X2 Enterprise Model 218 v4","Robotics & Drones","Flight Controllers","Box","23","23","23","23","0","Inspected - Good","In Stock","Yes","Unassigned","ADM-101","Data Center West","5","2026-08-29","N/A","02:27:00 AM","Sample item 119 barcode auto-assigned on import"
"SER-1120","SKU-ME-1120","","Olympus CX23 Model 219 v5","Medical & Lab","Autoclaves","Kit","24","24","24","24","0","Operational","In Stock","Yes","Unassigned","ADM-101","Security Office","5","2026-08-29","N/A","02:27:00 AM","Sample item 120 barcode auto-assigned on import"
"SER-1121","SKU-CO-1121","","Dell Latitude Model 220 v1","Computing","Laptops","Unit","25","25","25","25","0","Good condition","In Stock","Yes","Unassigned","ADM-101","Warehouse A-1","5","2026-08-29","N/A","02:27:00 AM","Sample item 121 barcode auto-assigned on import"
"SER-1122","SKU-PE-1122","","Razer DeathAdder Model 221 v2","Peripherals","USB Hubs","Set","26","26","26","26","0","Brand New","In Stock","Yes","Unassigned","ADM-101","Warehouse A-2","5","2026-08-29","N/A","02:27:00 AM","Sample item 122 barcode auto-assigned on import"
"SER-1123","SKU-NE-1123","","TP-Link Omada Model 222 v3","Networking","Routers","Pack","27","27","27","27","0","Inspected - Good","In Stock","Yes","Unassigned","ADM-101","Warehouse B-1","5","2026-08-29","N/A","02:27:00 AM","Sample item 123 barcode auto-assigned on import"
"SER-1124","SKU-OF-1124","","Epson WorkForce Pro Model 223 v4","Office Tech","3D Printers","Piece","28","28","28","28","0","Operational","In Stock","Yes","Unassigned","ADM-101","Warehouse B-2","5","2026-08-29","N/A","02:27:00 AM","Sample item 124 barcode auto-assigned on import"
"SER-1125","SKU-SE-1125","","Axis Camera Model 224 v5","Security & Access","Access Control","Box","29","29","29","29","0","Good condition","In Stock","Yes","Unassigned","ADM-101","Warehouse C-3","5","2026-08-29","N/A","02:27:00 AM","Sample item 125 barcode auto-assigned on import"
"SER-1126","SKU-FI-1126","","Axon Body 3 Model 225 v1","Field Ops","Rugged Tablets","Kit","5","5","5","5","0","Brand New","Low Stock","Yes","Unassigned","ADM-101","HQ Floor 2","5","2026-08-29","N/A","02:27:00 AM","Sample item 126 barcode auto-assigned on import"
"SER-1127","SKU-AU-1127","","Samsung Flip Pro Model 226 v2","Audio Visual","Soundbars","Unit","6","6","6","6","0","Inspected - Good","In Stock","Yes","Unassigned","ADM-101","HQ Floor 4","5","2026-08-29","N/A","02:27:00 AM","Sample item 127 barcode auto-assigned on import"
"SER-1128","SKU-PO-1128","","Blue Sky Solar Model 227 v3","Power & Energy","Power Distribution","Set","7","7","7","7","0","Operational","In Stock","Yes","Unassigned","ADM-101","HQ Floor 7","5","2026-08-29","N/A","02:27:00 AM","Sample item 128 barcode auto-assigned on import"
"SER-1129","SKU-IN-1129","","Keyence Sensor Model 228 v4","Industrial Auto","Flow Meters","Pack","8","8","8","8","0","Good condition","In Stock","Yes","Unassigned","ADM-101","IT Room 101","5","2026-08-29","N/A","02:27:00 AM","Sample item 129 barcode auto-assigned on import"
"SER-1130","SKU-FA-1130","","Ecobee Smart Thermostat Model 229 v5","Facility & Climate","Dehumidifiers","Piece","9","9","9","9","0","Brand New","In Stock","Yes","Unassigned","ADM-101","Service Bay 3","5","2026-08-29","N/A","02:27:00 AM","Sample item 130 barcode auto-assigned on import"
"SER-1131","SKU-RO-1131","","DJI Matrice 300 RTK Model 230 v1","Robotics & Drones","Inspection Drones","Box","10","10","10","10","0","Inspected - Good","In Stock","Yes","Unassigned","ADM-101","Lab Alpha-4","5","2026-08-29","N/A","02:27:00 AM","Sample item 131 barcode auto-assigned on import"
"SER-1132","SKU-ME-1132","","Mettler Toledo Balance Model 231 v2","Medical & Lab","Spectrophotometers","Kit","11","11","11","11","0","Operational","In Stock","Yes","Unassigned","ADM-101","Clean Room 2","5","2026-08-29","N/A","02:27:00 AM","Sample item 132 barcode auto-assigned on import"
"SER-1133","SKU-CO-1133","","Asus ExpertBook Model 232 v3","Computing","Laptops","Unit","12","12","12","12","0","Good condition","In Stock","Yes","Unassigned","ADM-101","Field Ops Station Delta","5","2026-08-29","N/A","02:27:00 AM","Sample item 133 barcode auto-assigned on import"
"SER-1134","SKU-PE-1134","","Logitech MX Master Model 233 v4","Peripherals","USB Hubs","Set","13","13","13","13","0","Brand New","In Stock","Yes","Unassigned","ADM-101","Data Center West","5","2026-08-29","N/A","02:27:00 AM","Sample item 134 barcode auto-assigned on import"
"SER-1135","SKU-NE-1135","","FS.com 10G SFP+ Model 234 v5","Networking","Routers","Pack","14","14","14","14","0","Inspected - Good","In Stock","Yes","Unassigned","ADM-101","Security Office","5","2026-08-29","N/A","02:27:00 AM","Sample item 135 barcode auto-assigned on import"
"SER-1136","SKU-OF-1136","","Fellowes Powershred Model 235 v1","Office Tech","Printers","Piece","15","15","15","15","0","Operational","In Stock","Yes","Unassigned","ADM-101","Warehouse A-1","5","2026-08-29","N/A","02:27:00 AM","Sample item 136 barcode auto-assigned on import"
"SER-1137","SKU-SE-1137","","ZKTeco Biometric Model 236 v2","Security & Access","Smart Locks","Box","16","16","16","16","0","Good condition","In Stock","Yes","Unassigned","ADM-101","Warehouse A-2","5","2026-08-29","N/A","02:27:00 AM","Sample item 137 barcode auto-assigned on import"
"SER-1138","SKU-FI-1138","","CipherLab RS35 Model 237 v3","Field Ops","Barcode Scanners","Kit","17","17","17","17","0","Brand New","In Stock","Yes","Unassigned","ADM-101","Warehouse B-1","5","2026-08-29","N/A","02:27:00 AM","Sample item 138 barcode auto-assigned on import"
"SER-1139","SKU-AU-1139","","Sony SRG-X400 Model 238 v4","Audio Visual","PTZ Cameras","Unit","18","18","18","18","0","Inspected - Good","In Stock","Yes","Unassigned","ADM-101","Warehouse B-2","5","2026-08-29","N/A","02:27:00 AM","Sample item 139 barcode auto-assigned on import"
"SER-1140","SKU-PO-1140","","CyberPower OR2200LCD Model 239 v5","Power & Energy","Solar Inverters","Set","19","19","19","19","0","Operational","In Stock","Yes","Unassigned","ADM-101","Warehouse C-3","5","2026-08-29","N/A","02:27:00 AM","Sample item 140 barcode auto-assigned on import"
"SER-1141","SKU-IN-1141","","Siemens S7-1200 Model 240 v1","Industrial Auto","PLC Controllers","Pack","20","20","20","20","0","Good condition","In Stock","Yes","Unassigned","ADM-101","HQ Floor 2","5","2026-08-29","N/A","02:27:00 AM","Sample item 141 barcode auto-assigned on import"
"SER-1142","SKU-FA-1142","","Sensaphone Remote Model 241 v2","Facility & Climate","Smart Thermostats","Piece","21","21","21","21","0","Brand New","In Stock","Yes","Unassigned","ADM-101","HQ Floor 4","5","2026-08-29","N/A","02:27:00 AM","Sample item 142 barcode auto-assigned on import"
"SER-1143","SKU-RO-1143","","Livox Mid-70 Model 242 v3","Robotics & Drones","Robotic Arms","Box","22","22","22","22","0","Inspected - Good","In Stock","Yes","Unassigned","ADM-101","HQ Floor 7","5","2026-08-29","N/A","02:27:00 AM","Sample item 143 barcode auto-assigned on import"
"SER-1144","SKU-ME-1144","","Thermo Scientific Pico 17 Model 243 v4","Medical & Lab","Thermal Cyclers","Kit","23","23","23","23","0","Operational","In Stock","Yes","Unassigned","ADM-101","IT Room 101","5","2026-08-29","N/A","02:27:00 AM","Sample item 144 barcode auto-assigned on import"
"SER-1145","SKU-CO-1145","","Apple iMac Model 244 v5","Computing","Laptops","Unit","24","24","24","24","0","Good condition","In Stock","Yes","Unassigned","ADM-101","Service Bay 3","5","2026-08-29","N/A","02:27:00 AM","Sample item 145 barcode auto-assigned on import"
"SER-1146","SKU-PE-1146","","Dell Thunderbolt Dock Model 245 v1","Peripherals","USB Hubs","Set","25","25","25","25","0","Brand New","In Stock","Yes","Unassigned","ADM-101","Lab Alpha-4","5","2026-08-29","N/A","02:27:00 AM","Sample item 146 barcode auto-assigned on import"
"SER-1147","SKU-NE-1147","","Fortinet FortiGate 60F Model 246 v2","Networking","Routers","Pack","26","26","26","26","0","Inspected - Good","In Stock","Yes","Unassigned","ADM-101","Clean Room 2","5","2026-08-29","N/A","02:27:00 AM","Sample item 147 barcode auto-assigned on import"
"SER-1148","SKU-OF-1148","","Zebra ZD421 Model 247 v3","Office Tech","Scanners","Piece","27","27","27","27","0","Operational","In Stock","Yes","Unassigned","ADM-101","Field Ops Station Delta","5","2026-08-29","N/A","02:27:00 AM","Sample item 148 barcode auto-assigned on import"
"SER-1149","SKU-SE-1149","","Yale Smart Lock Pro Model 248 v4","Security & Access","Intrusion Detectors","Box","28","28","28","28","0","Good condition","In Stock","Yes","Unassigned","ADM-101","Data Center West","5","2026-08-29","N/A","02:27:00 AM","Sample item 149 barcode auto-assigned on import"
"SER-1150","SKU-FI-1150","","Honeywell Voyager Model 249 v5","Field Ops","Thermal Printers","Kit","29","29","29","29","0","Brand New","In Stock","Yes","Unassigned","ADM-101","Security Office","5","2026-08-29","N/A","02:27:00 AM","Sample item 150 barcode auto-assigned on import"
"SER-1151","SKU-AU-1151","","Epson Pro EX10000 Model 250 v1","Audio Visual","Projectors","Unit","5","5","5","5","0","Inspected - Good","Low Stock","Yes","Unassigned","ADM-101","Warehouse A-1","5","2026-08-29","N/A","02:27:00 AM","Sample item 151 barcode auto-assigned on import"
"SER-1152","SKU-PO-1152","","Raritan PX3 Model 251 v2","Power & Energy","Battery Packs","Set","6","6","6","6","0","Operational","In Stock","Yes","Unassigned","ADM-101","Warehouse A-2","5","2026-08-29","N/A","02:27:00 AM","Sample item 152 barcode auto-assigned on import"
"SER-1153","SKU-IN-1153","","Mitsubishi MELSEC Model 252 v3","Industrial Auto","HMI Panels","Pack","7","7","7","7","0","Good condition","In Stock","Yes","Unassigned","ADM-101","Warehouse B-1","5","2026-08-29","N/A","02:27:00 AM","Sample item 153 barcode auto-assigned on import"
"SER-1154","SKU-FA-1154","","Levoit Core 600S Model 253 v4","Facility & Climate","Access Floors","Piece","8","8","8","8","0","Brand New","In Stock","Yes","Unassigned","ADM-101","Warehouse B-2","5","2026-08-29","N/A","02:27:00 AM","Sample item 154 barcode auto-assigned on import"
"SER-1155","SKU-RO-1155","","MiR250 AGV Model 254 v5","Robotics & Drones","AGV Carts","Box","9","9","9","9","0","Inspected - Good","In Stock","Yes","Unassigned","ADM-101","Warehouse C-3","5","2026-08-29","N/A","02:27:00 AM","Sample item 155 barcode auto-assigned on import"
"SER-1156","SKU-ME-1156","","Bio-Rad T100 Model 255 v1","Medical & Lab","Centrifuges","Kit","10","10","10","10","0","Operational","In Stock","Yes","Unassigned","ADM-101","HQ Floor 2","5","2026-08-29","N/A","02:27:00 AM","Sample item 156 barcode auto-assigned on import"
"SER-1157","SKU-CO-1157","","Lenovo ThinkPad Model 256 v2","Computing","Laptops","Unit","11","11","11","11","0","Good condition","In Stock","Yes","Unassigned","ADM-101","HQ Floor 4","5","2026-08-29","N/A","02:27:00 AM","Sample item 157 barcode auto-assigned on import"
"SER-1158","SKU-PE-1158","","CalDigit TS4 Model 257 v3","Peripherals","USB Hubs","Set","12","12","12","12","0","Brand New","In Stock","Yes","Unassigned","ADM-101","HQ Floor 7","5","2026-08-29","N/A","02:27:00 AM","Sample item 158 barcode auto-assigned on import"
"SER-1159","SKU-NE-1159","","Aruba Instant On Model 258 v4","Networking","Routers","Pack","13","13","13","13","0","Inspected - Good","In Stock","Yes","Unassigned","ADM-101","IT Room 101","5","2026-08-29","N/A","02:27:00 AM","Sample item 159 barcode auto-assigned on import"
"SER-1160","SKU-OF-1160","","Fujitsu ScanSnap Model 259 v5","Office Tech","Shredders","Piece","14","14","14","14","0","Operational","In Stock","Yes","Unassigned","ADM-101","Service Bay 3","5","2026-08-29","N/A","02:27:00 AM","Sample item 160 barcode auto-assigned on import"
"SER-1161","SKU-SE-1161","","Hikvision 4K Dome Model 260 v1","Security & Access","Biometric Readers","Box","15","15","15","15","0","Good condition","In Stock","Yes","Unassigned","ADM-101","Lab Alpha-4","5","2026-08-29","N/A","02:27:00 AM","Sample item 161 barcode auto-assigned on import"
"SER-1162","SKU-FI-1162","","TSC Alpha-3R Model 261 v2","Field Ops","Handheld GPS","Kit","16","16","16","16","0","Brand New","In Stock","Yes","Unassigned","ADM-101","Clean Room 2","5","2026-08-29","N/A","02:27:00 AM","Sample item 162 barcode auto-assigned on import"
"SER-1163","SKU-AU-1163","","Shure Stem Mic Model 262 v3","Audio Visual","Interactive Displays","Unit","17","17","17","17","0","Inspected - Good","In Stock","Yes","Unassigned","ADM-101","Field Ops Station Delta","5","2026-08-29","N/A","02:27:00 AM","Sample item 163 barcode auto-assigned on import"
"SER-1164","SKU-PO-1164","","Eaton 9PX UPS Model 263 v4","Power & Energy","Voltage Stabilizers","Set","18","18","18","18","0","Operational","In Stock","Yes","Unassigned","ADM-101","Data Center West","5","2026-08-29","N/A","02:27:00 AM","Sample item 164 barcode auto-assigned on import"
"SER-1165","SKU-IN-1165","","Yokogawa Flowmeter Model 264 v5","Industrial Auto","Servo Drives","Pack","19","19","19","19","0","Good condition","In Stock","Yes","Unassigned","ADM-101","Security Office","5","2026-08-29","N/A","02:27:00 AM","Sample item 165 barcode auto-assigned on import"
"SER-1166","SKU-FA-1166","","Quest Dual 155 Model 265 v1","Facility & Climate","Air Purifiers","Piece","20","20","20","20","0","Brand New","In Stock","Yes","Unassigned","ADM-101","Warehouse A-1","5","2026-08-29","N/A","02:27:00 AM","Sample item 166 barcode auto-assigned on import"
"SER-1167","SKU-RO-1167","","Universal Robots UR5e Model 266 v2","Robotics & Drones","LIDAR Sensors","Box","21","21","21","21","0","Inspected - Good","In Stock","Yes","Unassigned","ADM-101","Warehouse A-2","5","2026-08-29","N/A","02:27:00 AM","Sample item 167 barcode auto-assigned on import"
"SER-1168","SKU-ME-1168","","Hach DR3900 Model 267 v3","Medical & Lab","Digital Microscopes","Kit","22","22","22","22","0","Operational","In Stock","Yes","Unassigned","ADM-101","Warehouse B-1","5","2026-08-29","N/A","02:27:00 AM","Sample item 168 barcode auto-assigned on import"
"SER-1169","SKU-CO-1169","","Dell Precision Model 268 v4","Computing","Laptops","Unit","23","23","23","23","0","Good condition","In Stock","Yes","Unassigned","ADM-101","Warehouse B-2","5","2026-08-29","N/A","02:27:00 AM","Sample item 169 barcode auto-assigned on import"
"SER-1170","SKU-PE-1170","","Anker PowerExpand Model 269 v5","Peripherals","USB Hubs","Set","24","24","24","24","0","Brand New","In Stock","Yes","Unassigned","ADM-101","Warehouse C-3","5","2026-08-29","N/A","02:27:00 AM","Sample item 170 barcode auto-assigned on import"
"SER-1171","SKU-NE-1171","","Cisco Catalyst 9300 Model 270 v1","Networking","Routers","Pack","25","25","25","25","0","Inspected - Good","In Stock","Yes","Unassigned","ADM-101","HQ Floor 2","5","2026-08-29","N/A","02:27:00 AM","Sample item 171 barcode auto-assigned on import"
"SER-1172","SKU-OF-1172","","Creality Ender 3 Model 271 v2","Office Tech","Laminators","Piece","26","26","26","26","0","Operational","In Stock","Yes","Unassigned","ADM-101","HQ Floor 4","5","2026-08-29","N/A","02:27:00 AM","Sample item 172 barcode auto-assigned on import"
"SER-1173","SKU-SE-1173","","Bosch Motion Detector Model 272 v3","Security & Access","CCTV Cameras","Box","27","27","27","27","0","Good condition","In Stock","Yes","Unassigned","ADM-101","HQ Floor 7","5","2026-08-29","N/A","02:27:00 AM","Sample item 173 barcode auto-assigned on import"
"SER-1174","SKU-FI-1174","","Getac F110 Model 273 v4","Field Ops","Body Cams","Kit","28","28","28","28","0","Brand New","In Stock","Yes","Unassigned","ADM-101","IT Room 101","5","2026-08-29","N/A","02:27:00 AM","Sample item 174 barcode auto-assigned on import"
"SER-1175","SKU-AU-1175","","Aver Cam520 Pro Model 274 v5","Audio Visual","Conference Mics","Unit","29","29","29","29","0","Inspected - Good","In Stock","Yes","Unassigned","ADM-101","Service Bay 3","5","2026-08-29","N/A","02:27:00 AM","Sample item 175 barcode auto-assigned on import"
"SER-1176","SKU-PO-1176","","Enphase IQ8 Model 275 v1","Power & Energy","UPS Systems","Set","5","5","5","5","0","Operational","Low Stock","Yes","Unassigned","ADM-101","Lab Alpha-4","5","2026-08-29","N/A","02:27:00 AM","Sample item 176 barcode auto-assigned on import"
"SER-1177","SKU-IN-1177","","Schneider Modicon Model 276 v2","Industrial Auto","Sensors","Pack","6","6","6","6","0","Good condition","In Stock","Yes","Unassigned","ADM-101","Clean Room 2","5","2026-08-29","N/A","02:27:00 AM","Sample item 177 barcode auto-assigned on import"
"SER-1178","SKU-FA-1178","","Honeywell Air Sensor Model 277 v3","Facility & Climate","Env Sensors","Piece","7","7","7","7","0","Brand New","In Stock","Yes","Unassigned","ADM-101","Field Ops Station Delta","5","2026-08-29","N/A","02:27:00 AM","Sample item 178 barcode auto-assigned on import"
"SER-1179","SKU-RO-1179","","Skydio X2 Enterprise Model 278 v4","Robotics & Drones","Flight Controllers","Box","8","8","8","8","0","Inspected - Good","In Stock","Yes","Unassigned","ADM-101","Data Center West","5","2026-08-29","N/A","02:27:00 AM","Sample item 179 barcode auto-assigned on import"
"SER-1180","SKU-ME-1180","","Olympus CX23 Model 279 v5","Medical & Lab","Autoclaves","Kit","9","9","9","9","0","Operational","In Stock","Yes","Unassigned","ADM-101","Security Office","5","2026-08-29","N/A","02:27:00 AM","Sample item 180 barcode auto-assigned on import"
"SER-1181","SKU-CO-1181","","Dell Latitude Model 280 v1","Computing","Laptops","Unit","10","10","10","10","0","Good condition","In Stock","Yes","Unassigned","ADM-101","Warehouse A-1","5","2026-08-29","N/A","02:27:00 AM","Sample item 181 barcode auto-assigned on import"
"SER-1182","SKU-PE-1182","","Razer DeathAdder Model 281 v2","Peripherals","USB Hubs","Set","11","11","11","11","0","Brand New","In Stock","Yes","Unassigned","ADM-101","Warehouse A-2","5","2026-08-29","N/A","02:27:00 AM","Sample item 182 barcode auto-assigned on import"
"SER-1183","SKU-NE-1183","","TP-Link Omada Model 282 v3","Networking","Routers","Pack","12","12","12","12","0","Inspected - Good","In Stock","Yes","Unassigned","ADM-101","Warehouse B-1","5","2026-08-29","N/A","02:27:00 AM","Sample item 183 barcode auto-assigned on import"
"SER-1184","SKU-OF-1184","","Epson WorkForce Pro Model 283 v4","Office Tech","3D Printers","Piece","13","13","13","13","0","Operational","In Stock","Yes","Unassigned","ADM-101","Warehouse B-2","5","2026-08-29","N/A","02:27:00 AM","Sample item 184 barcode auto-assigned on import"
"SER-1185","SKU-SE-1185","","Axis Camera Model 284 v5","Security & Access","Access Control","Box","14","14","14","14","0","Good condition","In Stock","Yes","Unassigned","ADM-101","Warehouse C-3","5","2026-08-29","N/A","02:27:00 AM","Sample item 185 barcode auto-assigned on import"
"SER-1186","SKU-FI-1186","","Axon Body 3 Model 285 v1","Field Ops","Rugged Tablets","Kit","15","15","15","15","0","Brand New","In Stock","Yes","Unassigned","ADM-101","HQ Floor 2","5","2026-08-29","N/A","02:27:00 AM","Sample item 186 barcode auto-assigned on import"
"SER-1187","SKU-AU-1187","","Samsung Flip Pro Model 286 v2","Audio Visual","Soundbars","Unit","16","16","16","16","0","Inspected - Good","In Stock","Yes","Unassigned","ADM-101","HQ Floor 4","5","2026-08-29","N/A","02:27:00 AM","Sample item 187 barcode auto-assigned on import"
"SER-1188","SKU-PO-1188","","Blue Sky Solar Model 287 v3","Power & Energy","Power Distribution","Set","17","17","17","17","0","Operational","In Stock","Yes","Unassigned","ADM-101","HQ Floor 7","5","2026-08-29","N/A","02:27:00 AM","Sample item 188 barcode auto-assigned on import"
"SER-1189","SKU-IN-1189","","Keyence Sensor Model 288 v4","Industrial Auto","Flow Meters","Pack","18","18","18","18","0","Good condition","In Stock","Yes","Unassigned","ADM-101","IT Room 101","5","2026-08-29","N/A","02:27:00 AM","Sample item 189 barcode auto-assigned on import"
"SER-1190","SKU-FA-1190","","Ecobee Smart Thermostat Model 289 v5","Facility & Climate","Dehumidifiers","Piece","19","19","19","19","0","Brand New","In Stock","Yes","Unassigned","ADM-101","Service Bay 3","5","2026-08-29","N/A","02:27:00 AM","Sample item 190 barcode auto-assigned on import"
"SER-1191","SKU-RO-1191","","DJI Matrice 300 RTK Model 290 v1","Robotics & Drones","Inspection Drones","Box","20","20","20","20","0","Inspected - Good","In Stock","Yes","Unassigned","ADM-101","Lab Alpha-4","5","2026-08-29","N/A","02:27:00 AM","Sample item 191 barcode auto-assigned on import"
"SER-1192","SKU-ME-1192","","Mettler Toledo Balance Model 291 v2","Medical & Lab","Spectrophotometers","Kit","21","21","21","21","0","Operational","In Stock","Yes","Unassigned","ADM-101","Clean Room 2","5","2026-08-29","N/A","02:27:00 AM","Sample item 192 barcode auto-assigned on import"
"SER-1193","SKU-CO-1193","","Asus ExpertBook Model 292 v3","Computing","Laptops","Unit","22","22","22","22","0","Good condition","In Stock","Yes","Unassigned","ADM-101","Field Ops Station Delta","5","2026-08-29","N/A","02:27:00 AM","Sample item 193 barcode auto-assigned on import"
"SER-1194","SKU-PE-1194","","Logitech MX Master Model 293 v4","Peripherals","USB Hubs","Set","23","23","23","23","0","Brand New","In Stock","Yes","Unassigned","ADM-101","Data Center West","5","2026-08-29","N/A","02:27:00 AM","Sample item 194 barcode auto-assigned on import"
"SER-1195","SKU-NE-1195","","FS.com 10G SFP+ Model 294 v5","Networking","Routers","Pack","24","24","24","24","0","Inspected - Good","In Stock","Yes","Unassigned","ADM-101","Security Office","5","2026-08-29","N/A","02:27:00 AM","Sample item 195 barcode auto-assigned on import"
"SER-1196","SKU-OF-1196","","Fellowes Powershred Model 295 v1","Office Tech","Printers","Piece","25","25","25","25","0","Operational","In Stock","Yes","Unassigned","ADM-101","Warehouse A-1","5","2026-08-29","N/A","02:27:00 AM","Sample item 196 barcode auto-assigned on import"
"SER-1197","SKU-SE-1197","","ZKTeco Biometric Model 296 v2","Security & Access","Smart Locks","Box","26","26","26","26","0","Good condition","In Stock","Yes","Unassigned","ADM-101","Warehouse A-2","5","2026-08-29","N/A","02:27:00 AM","Sample item 197 barcode auto-assigned on import"
"SER-1198","SKU-FI-1198","","CipherLab RS35 Model 297 v3","Field Ops","Barcode Scanners","Kit","27","27","27","27","0","Brand New","In Stock","Yes","Unassigned","ADM-101","Warehouse B-1","5","2026-08-29","N/A","02:27:00 AM","Sample item 198 barcode auto-assigned on import"
"SER-1199","SKU-AU-1199","","Sony SRG-X400 Model 298 v4","Audio Visual","PTZ Cameras","Unit","28","28","28","28","0","Inspected - Good","In Stock","Yes","Unassigned","ADM-101","Warehouse B-2","5","2026-08-29","N/A","02:27:00 AM","Sample item 199 barcode auto-assigned on import"
"SER-1200","SKU-PO-1200","","CyberPower OR2200LCD Model 299 v5","Power & Energy","Solar Inverters","Set","29","29","29","29","0","Operational","In Stock","Yes","Unassigned","ADM-101","Warehouse C-3","5","2026-08-29","N/A","02:27:00 AM","Sample item 200 barcode auto-assigned on import"
"SER-1201","SKU-IN-1201","","Siemens S7-1200 Model 300 v1","Industrial Auto","PLC Controllers","Pack","5","5","5","5","0","Good condition","Low Stock","Yes","Unassigned","ADM-101","HQ Floor 2","5","2026-08-29","N/A","02:27:00 AM","Sample item 201 barcode auto-assigned on import"
"SER-1202","SKU-FA-1202","","Sensaphone Remote Model 301 v2","Facility & Climate","Smart Thermostats","Piece","6","6","6","6","0","Brand New","In Stock","Yes","Unassigned","ADM-101","HQ Floor 4","5","2026-08-29","N/A","02:27:00 AM","Sample item 202 barcode auto-assigned on import"
"SER-1203","SKU-RO-1203","","Livox Mid-70 Model 302 v3","Robotics & Drones","Robotic Arms","Box","7","7","7","7","0","Inspected - Good","In Stock","Yes","Unassigned","ADM-101","HQ Floor 7","5","2026-08-29","N/A","02:27:00 AM","Sample item 203 barcode auto-assigned on import"
"SER-1204","SKU-ME-1204","","Thermo Scientific Pico 17 Model 303 v4","Medical & Lab","Thermal Cyclers","Kit","8","8","8","8","0","Operational","In Stock","Yes","Unassigned","ADM-101","IT Room 101","5","2026-08-29","N/A","02:27:00 AM","Sample item 204 barcode auto-assigned on import"
"SER-1205","SKU-CO-1205","","Apple iMac Model 304 v5","Computing","Laptops","Unit","9","9","9","9","0","Good condition","In Stock","Yes","Unassigned","ADM-101","Service Bay 3","5","2026-08-29","N/A","02:27:00 AM","Sample item 205 barcode auto-assigned on import"
"SER-1206","SKU-PE-1206","","Dell Thunderbolt Dock Model 305 v1","Peripherals","USB Hubs","Set","10","10","10","10","0","Brand New","In Stock","Yes","Unassigned","ADM-101","Lab Alpha-4","5","2026-08-29","N/A","02:27:00 AM","Sample item 206 barcode auto-assigned on import"
"SER-1207","SKU-NE-1207","","Fortinet FortiGate 60F Model 306 v2","Networking","Routers","Pack","11","11","11","11","0","Inspected - Good","In Stock","Yes","Unassigned","ADM-101","Clean Room 2","5","2026-08-29","N/A","02:27:00 AM","Sample item 207 barcode auto-assigned on import"
"SER-1208","SKU-OF-1208","","Zebra ZD421 Model 307 v3","Office Tech","Scanners","Piece","12","12","12","12","0","Operational","In Stock","Yes","Unassigned","ADM-101","Field Ops Station Delta","5","2026-08-29","N/A","02:27:00 AM","Sample item 208 barcode auto-assigned on import"
"SER-1209","SKU-SE-1209","","Yale Smart Lock Pro Model 308 v4","Security & Access","Intrusion Detectors","Box","13","13","13","13","0","Good condition","In Stock","Yes","Unassigned","ADM-101","Data Center West","5","2026-08-29","N/A","02:27:00 AM","Sample item 209 barcode auto-assigned on import"
"SER-1210","SKU-FI-1210","","Honeywell Voyager Model 309 v5","Field Ops","Thermal Printers","Kit","14","14","14","14","0","Brand New","In Stock","Yes","Unassigned","ADM-101","Security Office","5","2026-08-29","N/A","02:27:00 AM","Sample item 210 barcode auto-assigned on import"
"SER-1211","SKU-AU-1211","","Epson Pro EX10000 Model 310 v1","Audio Visual","Projectors","Unit","15","15","15","15","0","Inspected - Good","In Stock","Yes","Unassigned","ADM-101","Warehouse A-1","5","2026-08-29","N/A","02:27:00 AM","Sample item 211 barcode auto-assigned on import"
"SER-1212","SKU-PO-1212","","Raritan PX3 Model 311 v2","Power & Energy","Battery Packs","Set","16","16","16","16","0","Operational","In Stock","Yes","Unassigned","ADM-101","Warehouse A-2","5","2026-08-29","N/A","02:27:00 AM","Sample item 212 barcode auto-assigned on import"
"SER-1213","SKU-IN-1213","","Mitsubishi MELSEC Model 312 v3","Industrial Auto","HMI Panels","Pack","17","17","17","17","0","Good condition","In Stock","Yes","Unassigned","ADM-101","Warehouse B-1","5","2026-08-29","N/A","02:27:00 AM","Sample item 213 barcode auto-assigned on import"
"SER-1214","SKU-FA-1214","","Levoit Core 600S Model 313 v4","Facility & Climate","Access Floors","Piece","18","18","18","18","0","Brand New","In Stock","Yes","Unassigned","ADM-101","Warehouse B-2","5","2026-08-29","N/A","02:27:00 AM","Sample item 214 barcode auto-assigned on import"
"SER-1215","SKU-RO-1215","","MiR250 AGV Model 314 v5","Robotics & Drones","AGV Carts","Box","19","19","19","19","0","Inspected - Good","In Stock","Yes","Unassigned","ADM-101","Warehouse C-3","5","2026-08-29","N/A","02:27:00 AM","Sample item 215 barcode auto-assigned on import"
"SER-1216","SKU-ME-1216","","Bio-Rad T100 Model 315 v1","Medical & Lab","Centrifuges","Kit","20","20","20","20","0","Operational","In Stock","Yes","Unassigned","ADM-101","HQ Floor 2","5","2026-08-29","N/A","02:27:00 AM","Sample item 216 barcode auto-assigned on import"
"SER-1217","SKU-CO-1217","","Lenovo ThinkPad Model 316 v2","Computing","Laptops","Unit","21","21","21","21","0","Good condition","In Stock","Yes","Unassigned","ADM-101","HQ Floor 4","5","2026-08-29","N/A","02:27:00 AM","Sample item 217 barcode auto-assigned on import"
"SER-1218","SKU-PE-1218","","CalDigit TS4 Model 317 v3","Peripherals","USB Hubs","Set","22","22","22","22","0","Brand New","In Stock","Yes","Unassigned","ADM-101","HQ Floor 7","5","2026-08-29","N/A","02:27:00 AM","Sample item 218 barcode auto-assigned on import"
"SER-1219","SKU-NE-1219","","Aruba Instant On Model 318 v4","Networking","Routers","Pack","23","23","23","23","0","Inspected - Good","In Stock","Yes","Unassigned","ADM-101","IT Room 101","5","2026-08-29","N/A","02:27:00 AM","Sample item 219 barcode auto-assigned on import"
"SER-1220","SKU-OF-1220","","Fujitsu ScanSnap Model 319 v5","Office Tech","Shredders","Piece","24","24","24","24","0","Operational","In Stock","Yes","Unassigned","ADM-101","Service Bay 3","5","2026-08-29","N/A","02:27:00 AM","Sample item 220 barcode auto-assigned on import"
"SER-1221","SKU-SE-1221","","Hikvision 4K Dome Model 320 v1","Security & Access","Biometric Readers","Box","25","25","25","25","0","Good condition","In Stock","Yes","Unassigned","ADM-101","Lab Alpha-4","5","2026-08-29","N/A","02:27:00 AM","Sample item 221 barcode auto-assigned on import"
"SER-1222","SKU-FI-1222","","TSC Alpha-3R Model 321 v2","Field Ops","Handheld GPS","Kit","26","26","26","26","0","Brand New","In Stock","Yes","Unassigned","ADM-101","Clean Room 2","5","2026-08-29","N/A","02:27:00 AM","Sample item 222 barcode auto-assigned on import"
"SER-1223","SKU-AU-1223","","Shure Stem Mic Model 322 v3","Audio Visual","Interactive Displays","Unit","27","27","27","27","0","Inspected - Good","In Stock","Yes","Unassigned","ADM-101","Field Ops Station Delta","5","2026-08-29","N/A","02:27:00 AM","Sample item 223 barcode auto-assigned on import"
"SER-1224","SKU-PO-1224","","Eaton 9PX UPS Model 323 v4","Power & Energy","Voltage Stabilizers","Set","28","28","28","28","0","Operational","In Stock","Yes","Unassigned","ADM-101","Data Center West","5","2026-08-29","N/A","02:27:00 AM","Sample item 224 barcode auto-assigned on import"
"SER-1225","SKU-IN-1225","","Yokogawa Flowmeter Model 324 v5","Industrial Auto","Servo Drives","Pack","29","29","29","29","0","Good condition","In Stock","Yes","Unassigned","ADM-101","Security Office","5","2026-08-29","N/A","02:27:00 AM","Sample item 225 barcode auto-assigned on import"
"SER-1226","SKU-FA-1226","","Quest Dual 155 Model 325 v1","Facility & Climate","Air Purifiers","Piece","5","5","5","5","0","Brand New","Low Stock","Yes","Unassigned","ADM-101","Warehouse A-1","5","2026-08-29","N/A","02:27:00 AM","Sample item 226 barcode auto-assigned on import"
"SER-1227","SKU-RO-1227","","Universal Robots UR5e Model 326 v2","Robotics & Drones","LIDAR Sensors","Box","6","6","6","6","0","Inspected - Good","In Stock","Yes","Unassigned","ADM-101","Warehouse A-2","5","2026-08-29","N/A","02:27:00 AM","Sample item 227 barcode auto-assigned on import"
"SER-1228","SKU-ME-1228","","Hach DR3900 Model 327 v3","Medical & Lab","Digital Microscopes","Kit","7","7","7","7","0","Operational","In Stock","Yes","Unassigned","ADM-101","Warehouse B-1","5","2026-08-29","N/A","02:27:00 AM","Sample item 228 barcode auto-assigned on import"
"SER-1229","SKU-CO-1229","","Dell Precision Model 328 v4","Computing","Laptops","Unit","8","8","8","8","0","Good condition","In Stock","Yes","Unassigned","ADM-101","Warehouse B-2","5","2026-08-29","N/A","02:27:00 AM","Sample item 229 barcode auto-assigned on import"
"SER-1230","SKU-PE-1230","","Anker PowerExpand Model 329 v5","Peripherals","USB Hubs","Set","9","9","9","9","0","Brand New","In Stock","Yes","Unassigned","ADM-101","Warehouse C-3","5","2026-08-29","N/A","02:27:00 AM","Sample item 230 barcode auto-assigned on import"
"SER-1231","SKU-NE-1231","","Cisco Catalyst 9300 Model 330 v1","Networking","Routers","Pack","10","10","10","10","0","Inspected - Good","In Stock","Yes","Unassigned","ADM-101","HQ Floor 2","5","2026-08-29","N/A","02:27:00 AM","Sample item 231 barcode auto-assigned on import"
"SER-1232","SKU-OF-1232","","Creality Ender 3 Model 331 v2","Office Tech","Laminators","Piece","11","11","11","11","0","Operational","In Stock","Yes","Unassigned","ADM-101","HQ Floor 4","5","2026-08-29","N/A","02:27:00 AM","Sample item 232 barcode auto-assigned on import"
"SER-1233","SKU-SE-1233","","Bosch Motion Detector Model 332 v3","Security & Access","CCTV Cameras","Box","12","12","12","12","0","Good condition","In Stock","Yes","Unassigned","ADM-101","HQ Floor 7","5","2026-08-29","N/A","02:27:00 AM","Sample item 233 barcode auto-assigned on import"
"SER-1234","SKU-FI-1234","","Getac F110 Model 333 v4","Field Ops","Body Cams","Kit","13","13","13","13","0","Brand New","In Stock","Yes","Unassigned","ADM-101","IT Room 101","5","2026-08-29","N/A","02:27:00 AM","Sample item 234 barcode auto-assigned on import"
"SER-1235","SKU-AU-1235","","Aver Cam520 Pro Model 334 v5","Audio Visual","Conference Mics","Unit","14","14","14","14","0","Inspected - Good","In Stock","Yes","Unassigned","ADM-101","Service Bay 3","5","2026-08-29","N/A","02:27:00 AM","Sample item 235 barcode auto-assigned on import"
"SER-1236","SKU-PO-1236","","Enphase IQ8 Model 335 v1","Power & Energy","UPS Systems","Set","15","15","15","15","0","Operational","In Stock","Yes","Unassigned","ADM-101","Lab Alpha-4","5","2026-08-29","N/A","02:27:00 AM","Sample item 236 barcode auto-assigned on import"
"SER-1237","SKU-IN-1237","","Schneider Modicon Model 336 v2","Industrial Auto","Sensors","Pack","16","16","16","16","0","Good condition","In Stock","Yes","Unassigned","ADM-101","Clean Room 2","5","2026-08-29","N/A","02:27:00 AM","Sample item 237 barcode auto-assigned on import"
"SER-1238","SKU-FA-1238","","Honeywell Air Sensor Model 337 v3","Facility & Climate","Env Sensors","Piece","17","17","17","17","0","Brand New","In Stock","Yes","Unassigned","ADM-101","Field Ops Station Delta","5","2026-08-29","N/A","02:27:00 AM","Sample item 238 barcode auto-assigned on import"
"SER-1239","SKU-RO-1239","","Skydio X2 Enterprise Model 338 v4","Robotics & Drones","Flight Controllers","Box","18","18","18","18","0","Inspected - Good","In Stock","Yes","Unassigned","ADM-101","Data Center West","5","2026-08-29","N/A","02:27:00 AM","Sample item 239 barcode auto-assigned on import"
"SER-1240","SKU-ME-1240","","Olympus CX23 Model 339 v5","Medical & Lab","Autoclaves","Kit","19","19","19","19","0","Operational","In Stock","Yes","Unassigned","ADM-101","Security Office","5","2026-08-29","N/A","02:27:00 AM","Sample item 240 barcode auto-assigned on import"
"SER-1241","SKU-CO-1241","","Dell Latitude Model 340 v1","Computing","Laptops","Unit","20","20","20","20","0","Good condition","In Stock","Yes","Unassigned","ADM-101","Warehouse A-1","5","2026-08-29","N/A","02:27:00 AM","Sample item 241 barcode auto-assigned on import"
"SER-1242","SKU-PE-1242","","Razer DeathAdder Model 341 v2","Peripherals","USB Hubs","Set","21","21","21","21","0","Brand New","In Stock","Yes","Unassigned","ADM-101","Warehouse A-2","5","2026-08-29","N/A","02:27:00 AM","Sample item 242 barcode auto-assigned on import"
"SER-1243","SKU-NE-1243","","TP-Link Omada Model 342 v3","Networking","Routers","Pack","22","22","22","22","0","Inspected - Good","In Stock","Yes","Unassigned","ADM-101","Warehouse B-1","5","2026-08-29","N/A","02:27:00 AM","Sample item 243 barcode auto-assigned on import"
"SER-1244","SKU-OF-1244","","Epson WorkForce Pro Model 343 v4","Office Tech","3D Printers","Piece","23","23","23","23","0","Operational","In Stock","Yes","Unassigned","ADM-101","Warehouse B-2","5","2026-08-29","N/A","02:27:00 AM","Sample item 244 barcode auto-assigned on import"
"SER-1245","SKU-SE-1245","","Axis Camera Model 344 v5","Security & Access","Access Control","Box","24","24","24","24","0","Good condition","In Stock","Yes","Unassigned","ADM-101","Warehouse C-3","5","2026-08-29","N/A","02:27:00 AM","Sample item 245 barcode auto-assigned on import"
"SER-1246","SKU-FI-1246","","Axon Body 3 Model 345 v1","Field Ops","Rugged Tablets","Kit","25","25","25","25","0","Brand New","In Stock","Yes","Unassigned","ADM-101","HQ Floor 2","5","2026-08-29","N/A","02:27:00 AM","Sample item 246 barcode auto-assigned on import"
"SER-1247","SKU-AU-1247","","Samsung Flip Pro Model 346 v2","Audio Visual","Soundbars","Unit","26","26","26","26","0","Inspected - Good","In Stock","Yes","Unassigned","ADM-101","HQ Floor 4","5","2026-08-29","N/A","02:27:00 AM","Sample item 247 barcode auto-assigned on import"
"SER-1248","SKU-PO-1248","","Blue Sky Solar Model 347 v3","Power & Energy","Power Distribution","Set","27","27","27","27","0","Operational","In Stock","Yes","Unassigned","ADM-101","HQ Floor 7","5","2026-08-29","N/A","02:27:00 AM","Sample item 248 barcode auto-assigned on import"
"SER-1249","SKU-IN-1249","","Keyence Sensor Model 348 v4","Industrial Auto","Flow Meters","Pack","28","28","28","28","0","Good condition","In Stock","Yes","Unassigned","ADM-101","IT Room 101","5","2026-08-29","N/A","02:27:00 AM","Sample item 249 barcode auto-assigned on import"
"SER-1250","SKU-FA-1250","","Ecobee Smart Thermostat Model 349 v5","Facility & Climate","Dehumidifiers","Piece","29","29","29","29","0","Brand New","In Stock","Yes","Unassigned","ADM-101","Service Bay 3","5","2026-08-29","N/A","02:27:00 AM","Sample item 250 barcode auto-assigned on import"
"SER-1251","SKU-RO-1251","","DJI Matrice 300 RTK Model 350 v1","Robotics & Drones","Inspection Drones","Box","5","5","5","5","0","Inspected - Good","Low Stock","Yes","Unassigned","ADM-101","Lab Alpha-4","5","2026-08-29","N/A","02:27:00 AM","Sample item 251 barcode auto-assigned on import"
"SER-1252","SKU-ME-1252","","Mettler Toledo Balance Model 351 v2","Medical & Lab","Spectrophotometers","Kit","6","6","6","6","0","Operational","In Stock","Yes","Unassigned","ADM-101","Clean Room 2","5","2026-08-29","N/A","02:27:00 AM","Sample item 252 barcode auto-assigned on import"
"SER-1253","SKU-CO-1253","","Asus ExpertBook Model 352 v3","Computing","Laptops","Unit","7","7","7","7","0","Good condition","In Stock","Yes","Unassigned","ADM-101","Field Ops Station Delta","5","2026-08-29","N/A","02:27:00 AM","Sample item 253 barcode auto-assigned on import"
"SER-1254","SKU-PE-1254","","Logitech MX Master Model 353 v4","Peripherals","USB Hubs","Set","8","8","8","8","0","Brand New","In Stock","Yes","Unassigned","ADM-101","Data Center West","5","2026-08-29","N/A","02:27:00 AM","Sample item 254 barcode auto-assigned on import"
"SER-1255","SKU-NE-1255","","FS.com 10G SFP+ Model 354 v5","Networking","Routers","Pack","9","9","9","9","0","Inspected - Good","In Stock","Yes","Unassigned","ADM-101","Security Office","5","2026-08-29","N/A","02:27:00 AM","Sample item 255 barcode auto-assigned on import"
"SER-1256","SKU-OF-1256","","Fellowes Powershred Model 355 v1","Office Tech","Printers","Piece","10","10","10","10","0","Operational","In Stock","Yes","Unassigned","ADM-101","Warehouse A-1","5","2026-08-29","N/A","02:27:00 AM","Sample item 256 barcode auto-assigned on import"
"SER-1257","SKU-SE-1257","","ZKTeco Biometric Model 356 v2","Security & Access","Smart Locks","Box","11","11","11","11","0","Good condition","In Stock","Yes","Unassigned","ADM-101","Warehouse A-2","5","2026-08-29","N/A","02:27:00 AM","Sample item 257 barcode auto-assigned on import"
"SER-1258","SKU-FI-1258","","CipherLab RS35 Model 357 v3","Field Ops","Barcode Scanners","Kit","12","12","12","12","0","Brand New","In Stock","Yes","Unassigned","ADM-101","Warehouse B-1","5","2026-08-29","N/A","02:27:00 AM","Sample item 258 barcode auto-assigned on import"
"SER-1259","SKU-AU-1259","","Sony SRG-X400 Model 358 v4","Audio Visual","PTZ Cameras","Unit","13","13","13","13","0","Inspected - Good","In Stock","Yes","Unassigned","ADM-101","Warehouse B-2","5","2026-08-29","N/A","02:27:00 AM","Sample item 259 barcode auto-assigned on import"
"SER-1260","SKU-PO-1260","","CyberPower OR2200LCD Model 359 v5","Power & Energy","Solar Inverters","Set","14","14","14","14","0","Operational","In Stock","Yes","Unassigned","ADM-101","Warehouse C-3","5","2026-08-29","N/A","02:27:00 AM","Sample item 260 barcode auto-assigned on import"
"SER-1261","SKU-IN-1261","","Siemens S7-1200 Model 360 v1","Industrial Auto","PLC Controllers","Pack","15","15","15","15","0","Good condition","In Stock","Yes","Unassigned","ADM-101","HQ Floor 2","5","2026-08-29","N/A","02:27:00 AM","Sample item 261 barcode auto-assigned on import"
"SER-1262","SKU-FA-1262","","Sensaphone Remote Model 361 v2","Facility & Climate","Smart Thermostats","Piece","16","16","16","16","0","Brand New","In Stock","Yes","Unassigned","ADM-101","HQ Floor 4","5","2026-08-29","N/A","02:27:00 AM","Sample item 262 barcode auto-assigned on import"
"SER-1263","SKU-RO-1263","","Livox Mid-70 Model 362 v3","Robotics & Drones","Robotic Arms","Box","17","17","17","17","0","Inspected - Good","In Stock","Yes","Unassigned","ADM-101","HQ Floor 7","5","2026-08-29","N/A","02:27:00 AM","Sample item 263 barcode auto-assigned on import"
"SER-1264","SKU-ME-1264","","Thermo Scientific Pico 17 Model 363 v4","Medical & Lab","Thermal Cyclers","Kit","18","18","18","18","0","Operational","In Stock","Yes","Unassigned","ADM-101","IT Room 101","5","2026-08-29","N/A","02:27:00 AM","Sample item 264 barcode auto-assigned on import"
"SER-1265","SKU-CO-1265","","Apple iMac Model 364 v5","Computing","Laptops","Unit","19","19","19","19","0","Good condition","In Stock","Yes","Unassigned","ADM-101","Service Bay 3","5","2026-08-29","N/A","02:27:00 AM","Sample item 265 barcode auto-assigned on import"
"SER-1266","SKU-PE-1266","","Dell Thunderbolt Dock Model 365 v1","Peripherals","USB Hubs","Set","20","20","20","20","0","Brand New","In Stock","Yes","Unassigned","ADM-101","Lab Alpha-4","5","2026-08-29","N/A","02:27:00 AM","Sample item 266 barcode auto-assigned on import"
"SER-1267","SKU-NE-1267","","Fortinet FortiGate 60F Model 366 v2","Networking","Routers","Pack","21","21","21","21","0","Inspected - Good","In Stock","Yes","Unassigned","ADM-101","Clean Room 2","5","2026-08-29","N/A","02:27:00 AM","Sample item 267 barcode auto-assigned on import"
"SER-1268","SKU-OF-1268","","Zebra ZD421 Model 367 v3","Office Tech","Scanners","Piece","22","22","22","22","0","Operational","In Stock","Yes","Unassigned","ADM-101","Field Ops Station Delta","5","2026-08-29","N/A","02:27:00 AM","Sample item 268 barcode auto-assigned on import"
"SER-1269","SKU-SE-1269","","Yale Smart Lock Pro Model 368 v4","Security & Access","Intrusion Detectors","Box","23","23","23","23","0","Good condition","In Stock","Yes","Unassigned","ADM-101","Data Center West","5","2026-08-29","N/A","02:27:00 AM","Sample item 269 barcode auto-assigned on import"
"SER-1270","SKU-FI-1270","","Honeywell Voyager Model 369 v5","Field Ops","Thermal Printers","Kit","24","24","24","24","0","Brand New","In Stock","Yes","Unassigned","ADM-101","Security Office","5","2026-08-29","N/A","02:27:00 AM","Sample item 270 barcode auto-assigned on import"
"SER-1271","SKU-AU-1271","","Epson Pro EX10000 Model 370 v1","Audio Visual","Projectors","Unit","25","25","25","25","0","Inspected - Good","In Stock","Yes","Unassigned","ADM-101","Warehouse A-1","5","2026-08-29","N/A","02:27:00 AM","Sample item 271 barcode auto-assigned on import"
"SER-1272","SKU-PO-1272","","Raritan PX3 Model 371 v2","Power & Energy","Battery Packs","Set","26","26","26","26","0","Operational","In Stock","Yes","Unassigned","ADM-101","Warehouse A-2","5","2026-08-29","N/A","02:27:00 AM","Sample item 272 barcode auto-assigned on import"
"SER-1273","SKU-IN-1273","","Mitsubishi MELSEC Model 372 v3","Industrial Auto","HMI Panels","Pack","27","27","27","27","0","Good condition","In Stock","Yes","Unassigned","ADM-101","Warehouse B-1","5","2026-08-29","N/A","02:27:00 AM","Sample item 273 barcode auto-assigned on import"
"SER-1274","SKU-FA-1274","","Levoit Core 600S Model 373 v4","Facility & Climate","Access Floors","Piece","28","28","28","28","0","Brand New","In Stock","Yes","Unassigned","ADM-101","Warehouse B-2","5","2026-08-29","N/A","02:27:00 AM","Sample item 274 barcode auto-assigned on import"
"SER-1275","SKU-RO-1275","","MiR250 AGV Model 374 v5","Robotics & Drones","AGV Carts","Box","29","29","29","29","0","Inspected - Good","In Stock","Yes","Unassigned","ADM-101","Warehouse C-3","5","2026-08-29","N/A","02:27:00 AM","Sample item 275 barcode auto-assigned on import"
"SER-1276","SKU-ME-1276","","Bio-Rad T100 Model 375 v1","Medical & Lab","Centrifuges","Kit","5","5","5","5","0","Operational","Low Stock","Yes","Unassigned","ADM-101","HQ Floor 2","5","2026-08-29","N/A","02:27:00 AM","Sample item 276 barcode auto-assigned on import"
"SER-1277","SKU-CO-1277","","Lenovo ThinkPad Model 376 v2","Computing","Laptops","Unit","6","6","6","6","0","Good condition","In Stock","Yes","Unassigned","ADM-101","HQ Floor 4","5","2026-08-29","N/A","02:27:00 AM","Sample item 277 barcode auto-assigned on import"
"SER-1278","SKU-PE-1278","","CalDigit TS4 Model 377 v3","Peripherals","USB Hubs","Set","7","7","7","7","0","Brand New","In Stock","Yes","Unassigned","ADM-101","HQ Floor 7","5","2026-08-29","N/A","02:27:00 AM","Sample item 278 barcode auto-assigned on import"
"SER-1279","SKU-NE-1279","","Aruba Instant On Model 378 v4","Networking","Routers","Pack","8","8","8","8","0","Inspected - Good","In Stock","Yes","Unassigned","ADM-101","IT Room 101","5","2026-08-29","N/A","02:27:00 AM","Sample item 279 barcode auto-assigned on import"
"SER-1280","SKU-OF-1280","","Fujitsu ScanSnap Model 379 v5","Office Tech","Shredders","Piece","9","9","9","9","0","Operational","In Stock","Yes","Unassigned","ADM-101","Service Bay 3","5","2026-08-29","N/A","02:27:00 AM","Sample item 280 barcode auto-assigned on import"
"SER-1281","SKU-SE-1281","","Hikvision 4K Dome Model 380 v1","Security & Access","Biometric Readers","Box","10","10","10","10","0","Good condition","In Stock","Yes","Unassigned","ADM-101","Lab Alpha-4","5","2026-08-29","N/A","02:27:00 AM","Sample item 281 barcode auto-assigned on import"
"SER-1282","SKU-FI-1282","","TSC Alpha-3R Model 381 v2","Field Ops","Handheld GPS","Kit","11","11","11","11","0","Brand New","In Stock","Yes","Unassigned","ADM-101","Clean Room 2","5","2026-08-29","N/A","02:27:00 AM","Sample item 282 barcode auto-assigned on import"
"SER-1283","SKU-AU-1283","","Shure Stem Mic Model 382 v3","Audio Visual","Interactive Displays","Unit","12","12","12","12","0","Inspected - Good","In Stock","Yes","Unassigned","ADM-101","Field Ops Station Delta","5","2026-08-29","N/A","02:27:00 AM","Sample item 283 barcode auto-assigned on import"
"SER-1284","SKU-PO-1284","","Eaton 9PX UPS Model 383 v4","Power & Energy","Voltage Stabilizers","Set","13","13","13","13","0","Operational","In Stock","Yes","Unassigned","ADM-101","Data Center West","5","2026-08-29","N/A","02:27:00 AM","Sample item 284 barcode auto-assigned on import"
"SER-1285","SKU-IN-1285","","Yokogawa Flowmeter Model 384 v5","Industrial Auto","Servo Drives","Pack","14","14","14","14","0","Good condition","In Stock","Yes","Unassigned","ADM-101","Security Office","5","2026-08-29","N/A","02:27:00 AM","Sample item 285 barcode auto-assigned on import"
"SER-1286","SKU-FA-1286","","Quest Dual 155 Model 385 v1","Facility & Climate","Air Purifiers","Piece","15","15","15","15","0","Brand New","In Stock","Yes","Unassigned","ADM-101","Warehouse A-1","5","2026-08-29","N/A","02:27:00 AM","Sample item 286 barcode auto-assigned on import"
"SER-1287","SKU-RO-1287","","Universal Robots UR5e Model 386 v2","Robotics & Drones","LIDAR Sensors","Box","16","16","16","16","0","Inspected - Good","In Stock","Yes","Unassigned","ADM-101","Warehouse A-2","5","2026-08-29","N/A","02:27:00 AM","Sample item 287 barcode auto-assigned on import"
"SER-1288","SKU-ME-1288","","Hach DR3900 Model 387 v3","Medical & Lab","Digital Microscopes","Kit","17","17","17","17","0","Operational","In Stock","Yes","Unassigned","ADM-101","Warehouse B-1","5","2026-08-29","N/A","02:27:00 AM","Sample item 288 barcode auto-assigned on import"
"SER-1289","SKU-CO-1289","","Dell Precision Model 388 v4","Computing","Laptops","Unit","18","18","18","18","0","Good condition","In Stock","Yes","Unassigned","ADM-101","Warehouse B-2","5","2026-08-29","N/A","02:27:00 AM","Sample item 289 barcode auto-assigned on import"
"SER-1290","SKU-PE-1290","","Anker PowerExpand Model 389 v5","Peripherals","USB Hubs","Set","19","19","19","19","0","Brand New","In Stock","Yes","Unassigned","ADM-101","Warehouse C-3","5","2026-08-29","N/A","02:27:00 AM","Sample item 290 barcode auto-assigned on import"
"SER-1291","SKU-NE-1291","","Cisco Catalyst 9300 Model 390 v1","Networking","Routers","Pack","20","20","20","20","0","Inspected - Good","In Stock","Yes","Unassigned","ADM-101","HQ Floor 2","5","2026-08-29","N/A","02:27:00 AM","Sample item 291 barcode auto-assigned on import"
"SER-1292","SKU-OF-1292","","Creality Ender 3 Model 391 v2","Office Tech","Laminators","Piece","21","21","21","21","0","Operational","In Stock","Yes","Unassigned","ADM-101","HQ Floor 4","5","2026-08-29","N/A","02:27:00 AM","Sample item 292 barcode auto-assigned on import"
"SER-1293","SKU-SE-1293","","Bosch Motion Detector Model 392 v3","Security & Access","CCTV Cameras","Box","22","22","22","22","0","Good condition","In Stock","Yes","Unassigned","ADM-101","HQ Floor 7","5","2026-08-29","N/A","02:27:00 AM","Sample item 293 barcode auto-assigned on import"
"SER-1294","SKU-FI-1294","","Getac F110 Model 393 v4","Field Ops","Body Cams","Kit","23","23","23","23","0","Brand New","In Stock","Yes","Unassigned","ADM-101","IT Room 101","5","2026-08-29","N/A","02:27:00 AM","Sample item 294 barcode auto-assigned on import"
"SER-1295","SKU-AU-1295","","Aver Cam520 Pro Model 394 v5","Audio Visual","Conference Mics","Unit","24","24","24","24","0","Inspected - Good","In Stock","Yes","Unassigned","ADM-101","Service Bay 3","5","2026-08-29","N/A","02:27:00 AM","Sample item 295 barcode auto-assigned on import"
"SER-1296","SKU-PO-1296","","Enphase IQ8 Model 395 v1","Power & Energy","UPS Systems","Set","25","25","25","25","0","Operational","In Stock","Yes","Unassigned","ADM-101","Lab Alpha-4","5","2026-08-29","N/A","02:27:00 AM","Sample item 296 barcode auto-assigned on import"
"SER-1297","SKU-IN-1297","","Schneider Modicon Model 396 v2","Industrial Auto","Sensors","Pack","26","26","26","26","0","Good condition","In Stock","Yes","Unassigned","ADM-101","Clean Room 2","5","2026-08-29","N/A","02:27:00 AM","Sample item 297 barcode auto-assigned on import"
"SER-1298","SKU-FA-1298","","Honeywell Air Sensor Model 397 v3","Facility & Climate","Env Sensors","Piece","27","27","27","27","0","Brand New","In Stock","Yes","Unassigned","ADM-101","Field Ops Station Delta","5","2026-08-29","N/A","02:27:00 AM","Sample item 298 barcode auto-assigned on import"
"SER-1299","SKU-RO-1299","","Skydio X2 Enterprise Model 398 v4","Robotics & Drones","Flight Controllers","Box","28","28","28","28","0","Inspected - Good","In Stock","Yes","Unassigned","ADM-101","Data Center West","5","2026-08-29","N/A","02:27:00 AM","Sample item 299 barcode auto-assigned on import"
"SER-1300","SKU-ME-1300","","Olympus CX23 Model 399 v5","Medical & Lab","Autoclaves","Kit","29","29","29","29","0","Operational","In Stock","Yes","Unassigned","ADM-101","Security Office","5","2026-08-29","N/A","02:27:00 AM","Sample item 300 barcode auto-assigned on import"
"SER-1301","SKU-CO-1301","","Dell Latitude Model 400 v1","Computing","Laptops","Unit","5","5","5","5","0","Good condition","Low Stock","Yes","Unassigned","ADM-101","Warehouse A-1","5","2026-08-29","N/A","02:27:00 AM","Sample item 301 barcode auto-assigned on import"
"SER-1302","SKU-PE-1302","","Razer DeathAdder Model 401 v2","Peripherals","USB Hubs","Set","6","6","6","6","0","Brand New","In Stock","Yes","Unassigned","ADM-101","Warehouse A-2","5","2026-08-29","N/A","02:27:00 AM","Sample item 302 barcode auto-assigned on import"
"SER-1303","SKU-NE-1303","","TP-Link Omada Model 402 v3","Networking","Routers","Pack","7","7","7","7","0","Inspected - Good","In Stock","Yes","Unassigned","ADM-101","Warehouse B-1","5","2026-08-29","N/A","02:27:00 AM","Sample item 303 barcode auto-assigned on import"
"SER-1304","SKU-OF-1304","","Epson WorkForce Pro Model 403 v4","Office Tech","3D Printers","Piece","8","8","8","8","0","Operational","In Stock","Yes","Unassigned","ADM-101","Warehouse B-2","5","2026-08-29","N/A","02:27:00 AM","Sample item 304 barcode auto-assigned on import"
"SER-1305","SKU-SE-1305","","Axis Camera Model 404 v5","Security & Access","Access Control","Box","9","9","9","9","0","Good condition","In Stock","Yes","Unassigned","ADM-101","Warehouse C-3","5","2026-08-29","N/A","02:27:00 AM","Sample item 305 barcode auto-assigned on import"
"SER-1306","SKU-FI-1306","","Axon Body 3 Model 405 v1","Field Ops","Rugged Tablets","Kit","10","10","10","10","0","Brand New","In Stock","Yes","Unassigned","ADM-101","HQ Floor 2","5","2026-08-29","N/A","02:27:00 AM","Sample item 306 barcode auto-assigned on import"
"SER-1307","SKU-AU-1307","","Samsung Flip Pro Model 406 v2","Audio Visual","Soundbars","Unit","11","11","11","11","0","Inspected - Good","In Stock","Yes","Unassigned","ADM-101","HQ Floor 4","5","2026-08-29","N/A","02:27:00 AM","Sample item 307 barcode auto-assigned on import"
"SER-1308","SKU-PO-1308","","Blue Sky Solar Model 407 v3","Power & Energy","Power Distribution","Set","12","12","12","12","0","Operational","In Stock","Yes","Unassigned","ADM-101","HQ Floor 7","5","2026-08-29","N/A","02:27:00 AM","Sample item 308 barcode auto-assigned on import"
"SER-1309","SKU-IN-1309","","Keyence Sensor Model 408 v4","Industrial Auto","Flow Meters","Pack","13","13","13","13","0","Good condition","In Stock","Yes","Unassigned","ADM-101","IT Room 101","5","2026-08-29","N/A","02:27:00 AM","Sample item 309 barcode auto-assigned on import"
"SER-1310","SKU-FA-1310","","Ecobee Smart Thermostat Model 409 v5","Facility & Climate","Dehumidifiers","Piece","14","14","14","14","0","Brand New","In Stock","Yes","Unassigned","ADM-101","Service Bay 3","5","2026-08-29","N/A","02:27:00 AM","Sample item 310 barcode auto-assigned on import"
"SER-1311","SKU-RO-1311","","DJI Matrice 300 RTK Model 410 v1","Robotics & Drones","Inspection Drones","Box","15","15","15","15","0","Inspected - Good","In Stock","Yes","Unassigned","ADM-101","Lab Alpha-4","5","2026-08-29","N/A","02:27:00 AM","Sample item 311 barcode auto-assigned on import"
"SER-1312","SKU-ME-1312","","Mettler Toledo Balance Model 411 v2","Medical & Lab","Spectrophotometers","Kit","16","16","16","16","0","Operational","In Stock","Yes","Unassigned","ADM-101","Clean Room 2","5","2026-08-29","N/A","02:27:00 AM","Sample item 312 barcode auto-assigned on import"
"SER-1313","SKU-CO-1313","","Asus ExpertBook Model 412 v3","Computing","Laptops","Unit","17","17","17","17","0","Good condition","In Stock","Yes","Unassigned","ADM-101","Field Ops Station Delta","5","2026-08-29","N/A","02:27:00 AM","Sample item 313 barcode auto-assigned on import"
"SER-1314","SKU-PE-1314","","Logitech MX Master Model 413 v4","Peripherals","USB Hubs","Set","18","18","18","18","0","Brand New","In Stock","Yes","Unassigned","ADM-101","Data Center West","5","2026-08-29","N/A","02:27:00 AM","Sample item 314 barcode auto-assigned on import"
"SER-1315","SKU-NE-1315","","FS.com 10G SFP+ Model 414 v5","Networking","Routers","Pack","19","19","19","19","0","Inspected - Good","In Stock","Yes","Unassigned","ADM-101","Security Office","5","2026-08-29","N/A","02:27:00 AM","Sample item 315 barcode auto-assigned on import"
"SER-1316","SKU-OF-1316","","Fellowes Powershred Model 415 v1","Office Tech","Printers","Piece","20","20","20","20","0","Operational","In Stock","Yes","Unassigned","ADM-101","Warehouse A-1","5","2026-08-29","N/A","02:27:00 AM","Sample item 316 barcode auto-assigned on import"
"SER-1317","SKU-SE-1317","","ZKTeco Biometric Model 416 v2","Security & Access","Smart Locks","Box","21","21","21","21","0","Good condition","In Stock","Yes","Unassigned","ADM-101","Warehouse A-2","5","2026-08-29","N/A","02:27:00 AM","Sample item 317 barcode auto-assigned on import"
"SER-1318","SKU-FI-1318","","CipherLab RS35 Model 417 v3","Field Ops","Barcode Scanners","Kit","22","22","22","22","0","Brand New","In Stock","Yes","Unassigned","ADM-101","Warehouse B-1","5","2026-08-29","N/A","02:27:00 AM","Sample item 318 barcode auto-assigned on import"
"SER-1319","SKU-AU-1319","","Sony SRG-X400 Model 418 v4","Audio Visual","PTZ Cameras","Unit","23","23","23","23","0","Inspected - Good","In Stock","Yes","Unassigned","ADM-101","Warehouse B-2","5","2026-08-29","N/A","02:27:00 AM","Sample item 319 barcode auto-assigned on import"
"SER-1320","SKU-PO-1320","","CyberPower OR2200LCD Model 419 v5","Power & Energy","Solar Inverters","Set","24","24","24","24","0","Operational","In Stock","Yes","Unassigned","ADM-101","Warehouse C-3","5","2026-08-29","N/A","02:27:00 AM","Sample item 320 barcode auto-assigned on import"
"SER-1321","SKU-IN-1321","","Siemens S7-1200 Model 420 v1","Industrial Auto","PLC Controllers","Pack","25","25","25","25","0","Good condition","In Stock","Yes","Unassigned","ADM-101","HQ Floor 2","5","2026-08-29","N/A","02:27:00 AM","Sample item 321 barcode auto-assigned on import"
"SER-1322","SKU-FA-1322","","Sensaphone Remote Model 421 v2","Facility & Climate","Smart Thermostats","Piece","26","26","26","26","0","Brand New","In Stock","Yes","Unassigned","ADM-101","HQ Floor 4","5","2026-08-29","N/A","02:27:00 AM","Sample item 322 barcode auto-assigned on import"
"SER-1323","SKU-RO-1323","","Livox Mid-70 Model 422 v3","Robotics & Drones","Robotic Arms","Box","27","27","27","27","0","Inspected - Good","In Stock","Yes","Unassigned","ADM-101","HQ Floor 7","5","2026-08-29","N/A","02:27:00 AM","Sample item 323 barcode auto-assigned on import"
"SER-1324","SKU-ME-1324","","Thermo Scientific Pico 17 Model 423 v4","Medical & Lab","Thermal Cyclers","Kit","28","28","28","28","0","Operational","In Stock","Yes","Unassigned","ADM-101","IT Room 101","5","2026-08-29","N/A","02:27:00 AM","Sample item 324 barcode auto-assigned on import"
"SER-1325","SKU-CO-1325","","Apple iMac Model 424 v5","Computing","Laptops","Unit","29","29","29","29","0","Good condition","In Stock","Yes","Unassigned","ADM-101","Service Bay 3","5","2026-08-29","N/A","02:27:00 AM","Sample item 325 barcode auto-assigned on import"
"SER-1326","SKU-PE-1326","","Dell Thunderbolt Dock Model 425 v1","Peripherals","USB Hubs","Set","5","5","5","5","0","Brand New","Low Stock","Yes","Unassigned","ADM-101","Lab Alpha-4","5","2026-08-29","N/A","02:27:00 AM","Sample item 326 barcode auto-assigned on import"
"SER-1327","SKU-NE-1327","","Fortinet FortiGate 60F Model 426 v2","Networking","Routers","Pack","6","6","6","6","0","Inspected - Good","In Stock","Yes","Unassigned","ADM-101","Clean Room 2","5","2026-08-29","N/A","02:27:00 AM","Sample item 327 barcode auto-assigned on import"
"SER-1328","SKU-OF-1328","","Zebra ZD421 Model 427 v3","Office Tech","Scanners","Piece","7","7","7","7","0","Operational","In Stock","Yes","Unassigned","ADM-101","Field Ops Station Delta","5","2026-08-29","N/A","02:27:00 AM","Sample item 328 barcode auto-assigned on import"
"SER-1329","SKU-SE-1329","","Yale Smart Lock Pro Model 428 v4","Security & Access","Intrusion Detectors","Box","8","8","8","8","0","Good condition","In Stock","Yes","Unassigned","ADM-101","Data Center West","5","2026-08-29","N/A","02:27:00 AM","Sample item 329 barcode auto-assigned on import"
"SER-1330","SKU-FI-1330","","Honeywell Voyager Model 429 v5","Field Ops","Thermal Printers","Kit","9","9","9","9","0","Brand New","In Stock","Yes","Unassigned","ADM-101","Security Office","5","2026-08-29","N/A","02:27:00 AM","Sample item 330 barcode auto-assigned on import"
"SER-1331","SKU-AU-1331","","Epson Pro EX10000 Model 430 v1","Audio Visual","Projectors","Unit","10","10","10","10","0","Inspected - Good","In Stock","Yes","Unassigned","ADM-101","Warehouse A-1","5","2026-08-29","N/A","02:27:00 AM","Sample item 331 barcode auto-assigned on import"
"SER-1332","SKU-PO-1332","","Raritan PX3 Model 431 v2","Power & Energy","Battery Packs","Set","11","11","11","11","0","Operational","In Stock","Yes","Unassigned","ADM-101","Warehouse A-2","5","2026-08-29","N/A","02:27:00 AM","Sample item 332 barcode auto-assigned on import"
"SER-1333","SKU-IN-1333","","Mitsubishi MELSEC Model 432 v3","Industrial Auto","HMI Panels","Pack","12","12","12","12","0","Good condition","In Stock","Yes","Unassigned","ADM-101","Warehouse B-1","5","2026-08-29","N/A","02:27:00 AM","Sample item 333 barcode auto-assigned on import"
"SER-1334","SKU-FA-1334","","Levoit Core 600S Model 433 v4","Facility & Climate","Access Floors","Piece","13","13","13","13","0","Brand New","In Stock","Yes","Unassigned","ADM-101","Warehouse B-2","5","2026-08-29","N/A","02:27:00 AM","Sample item 334 barcode auto-assigned on import"
"SER-1335","SKU-RO-1335","","MiR250 AGV Model 434 v5","Robotics & Drones","AGV Carts","Box","14","14","14","14","0","Inspected - Good","In Stock","Yes","Unassigned","ADM-101","Warehouse C-3","5","2026-08-29","N/A","02:27:00 AM","Sample item 335 barcode auto-assigned on import"
"SER-1336","SKU-ME-1336","","Bio-Rad T100 Model 435 v1","Medical & Lab","Centrifuges","Kit","15","15","15","15","0","Operational","In Stock","Yes","Unassigned","ADM-101","HQ Floor 2","5","2026-08-29","N/A","02:27:00 AM","Sample item 336 barcode auto-assigned on import"
"SER-1337","SKU-CO-1337","","Lenovo ThinkPad Model 436 v2","Computing","Laptops","Unit","16","16","16","16","0","Good condition","In Stock","Yes","Unassigned","ADM-101","HQ Floor 4","5","2026-08-29","N/A","02:27:00 AM","Sample item 337 barcode auto-assigned on import"
"SER-1338","SKU-PE-1338","","CalDigit TS4 Model 437 v3","Peripherals","USB Hubs","Set","17","17","17","17","0","Brand New","In Stock","Yes","Unassigned","ADM-101","HQ Floor 7","5","2026-08-29","N/A","02:27:00 AM","Sample item 338 barcode auto-assigned on import"
"SER-1339","SKU-NE-1339","","Aruba Instant On Model 438 v4","Networking","Routers","Pack","18","18","18","18","0","Inspected - Good","In Stock","Yes","Unassigned","ADM-101","IT Room 101","5","2026-08-29","N/A","02:27:00 AM","Sample item 339 barcode auto-assigned on import"
"SER-1340","SKU-OF-1340","","Fujitsu ScanSnap Model 439 v5","Office Tech","Shredders","Piece","19","19","19","19","0","Operational","In Stock","Yes","Unassigned","ADM-101","Service Bay 3","5","2026-08-29","N/A","02:27:00 AM","Sample item 340 barcode auto-assigned on import"
"SER-1341","SKU-SE-1341","","Hikvision 4K Dome Model 440 v1","Security & Access","Biometric Readers","Box","20","20","20","20","0","Good condition","In Stock","Yes","Unassigned","ADM-101","Lab Alpha-4","5","2026-08-29","N/A","02:27:00 AM","Sample item 341 barcode auto-assigned on import"
"SER-1342","SKU-FI-1342","","TSC Alpha-3R Model 441 v2","Field Ops","Handheld GPS","Kit","21","21","21","21","0","Brand New","In Stock","Yes","Unassigned","ADM-101","Clean Room 2","5","2026-08-29","N/A","02:27:00 AM","Sample item 342 barcode auto-assigned on import"
"SER-1343","SKU-AU-1343","","Shure Stem Mic Model 442 v3","Audio Visual","Interactive Displays","Unit","22","22","22","22","0","Inspected - Good","In Stock","Yes","Unassigned","ADM-101","Field Ops Station Delta","5","2026-08-29","N/A","02:27:00 AM","Sample item 343 barcode auto-assigned on import"
"SER-1344","SKU-PO-1344","","Eaton 9PX UPS Model 443 v4","Power & Energy","Voltage Stabilizers","Set","23","23","23","23","0","Operational","In Stock","Yes","Unassigned","ADM-101","Data Center West","5","2026-08-29","N/A","02:27:00 AM","Sample item 344 barcode auto-assigned on import"
"SER-1345","SKU-IN-1345","","Yokogawa Flowmeter Model 444 v5","Industrial Auto","Servo Drives","Pack","24","24","24","24","0","Good condition","In Stock","Yes","Unassigned","ADM-101","Security Office","5","2026-08-29","N/A","02:27:00 AM","Sample item 345 barcode auto-assigned on import"
"SER-1346","SKU-FA-1346","","Quest Dual 155 Model 445 v1","Facility & Climate","Air Purifiers","Piece","25","25","25","25","0","Brand New","In Stock","Yes","Unassigned","ADM-101","Warehouse A-1","5","2026-08-29","N/A","02:27:00 AM","Sample item 346 barcode auto-assigned on import"
"SER-1347","SKU-RO-1347","","Universal Robots UR5e Model 446 v2","Robotics & Drones","LIDAR Sensors","Box","26","26","26","26","0","Inspected - Good","In Stock","Yes","Unassigned","ADM-101","Warehouse A-2","5","2026-08-29","N/A","02:27:00 AM","Sample item 347 barcode auto-assigned on import"
"SER-1348","SKU-ME-1348","","Hach DR3900 Model 447 v3","Medical & Lab","Digital Microscopes","Kit","27","27","27","27","0","Operational","In Stock","Yes","Unassigned","ADM-101","Warehouse B-1","5","2026-08-29","N/A","02:27:00 AM","Sample item 348 barcode auto-assigned on import"
"SER-1349","SKU-CO-1349","","Dell Precision Model 448 v4","Computing","Laptops","Unit","28","28","28","28","0","Good condition","In Stock","Yes","Unassigned","ADM-101","Warehouse B-2","5","2026-08-29","N/A","02:27:00 AM","Sample item 349 barcode auto-assigned on import"
"SER-1350","SKU-PE-1350","","Anker PowerExpand Model 449 v5","Peripherals","USB Hubs","Set","29","29","29","29","0","Brand New","In Stock","Yes","Unassigned","ADM-101","Warehouse C-3","5","2026-08-29","N/A","02:27:00 AM","Sample item 350 barcode auto-assigned on import"
"SER-1351","SKU-NE-1351","","Cisco Catalyst 9300 Model 450 v1","Networking","Routers","Pack","5","5","5","5","0","Inspected - Good","Low Stock","Yes","Unassigned","ADM-101","HQ Floor 2","5","2026-08-29","N/A","02:27:00 AM","Sample item 351 barcode auto-assigned on import"
"SER-1352","SKU-OF-1352","","Creality Ender 3 Model 451 v2","Office Tech","Laminators","Piece","6","6","6","6","0","Operational","In Stock","Yes","Unassigned","ADM-101","HQ Floor 4","5","2026-08-29","N/A","02:27:00 AM","Sample item 352 barcode auto-assigned on import"
"SER-1353","SKU-SE-1353","","Bosch Motion Detector Model 452 v3","Security & Access","CCTV Cameras","Box","7","7","7","7","0","Good condition","In Stock","Yes","Unassigned","ADM-101","HQ Floor 7","5","2026-08-29","N/A","02:27:00 AM","Sample item 353 barcode auto-assigned on import"
"SER-1354","SKU-FI-1354","","Getac F110 Model 453 v4","Field Ops","Body Cams","Kit","8","8","8","8","0","Brand New","In Stock","Yes","Unassigned","ADM-101","IT Room 101","5","2026-08-29","N/A","02:27:00 AM","Sample item 354 barcode auto-assigned on import"
"SER-1355","SKU-AU-1355","","Aver Cam520 Pro Model 454 v5","Audio Visual","Conference Mics","Unit","9","9","9","9","0","Inspected - Good","In Stock","Yes","Unassigned","ADM-101","Service Bay 3","5","2026-08-29","N/A","02:27:00 AM","Sample item 355 barcode auto-assigned on import"
"SER-1356","SKU-PO-1356","","Enphase IQ8 Model 455 v1","Power & Energy","UPS Systems","Set","10","10","10","10","0","Operational","In Stock","Yes","Unassigned","ADM-101","Lab Alpha-4","5","2026-08-29","N/A","02:27:00 AM","Sample item 356 barcode auto-assigned on import"
"SER-1357","SKU-IN-1357","","Schneider Modicon Model 456 v2","Industrial Auto","Sensors","Pack","11","11","11","11","0","Good condition","In Stock","Yes","Unassigned","ADM-101","Clean Room 2","5","2026-08-29","N/A","02:27:00 AM","Sample item 357 barcode auto-assigned on import"
"SER-1358","SKU-FA-1358","","Honeywell Air Sensor Model 457 v3","Facility & Climate","Env Sensors","Piece","12","12","12","12","0","Brand New","In Stock","Yes","Unassigned","ADM-101","Field Ops Station Delta","5","2026-08-29","N/A","02:27:00 AM","Sample item 358 barcode auto-assigned on import"
"SER-1359","SKU-RO-1359","","Skydio X2 Enterprise Model 458 v4","Robotics & Drones","Flight Controllers","Box","13","13","13","13","0","Inspected - Good","In Stock","Yes","Unassigned","ADM-101","Data Center West","5","2026-08-29","N/A","02:27:00 AM","Sample item 359 barcode auto-assigned on import"
"SER-1360","SKU-ME-1360","","Olympus CX23 Model 459 v5","Medical & Lab","Autoclaves","Kit","14","14","14","14","0","Operational","In Stock","Yes","Unassigned","ADM-101","Security Office","5","2026-08-29","N/A","02:27:00 AM","Sample item 360 barcode auto-assigned on import"
"SER-1361","SKU-CO-1361","","Dell Latitude Model 460 v1","Computing","Laptops","Unit","15","15","15","15","0","Good condition","In Stock","Yes","Unassigned","ADM-101","Warehouse A-1","5","2026-08-29","N/A","02:27:00 AM","Sample item 361 barcode auto-assigned on import"
"SER-1362","SKU-PE-1362","","Razer DeathAdder Model 461 v2","Peripherals","USB Hubs","Set","16","16","16","16","0","Brand New","In Stock","Yes","Unassigned","ADM-101","Warehouse A-2","5","2026-08-29","N/A","02:27:00 AM","Sample item 362 barcode auto-assigned on import"
"SER-1363","SKU-NE-1363","","TP-Link Omada Model 462 v3","Networking","Routers","Pack","17","17","17","17","0","Inspected - Good","In Stock","Yes","Unassigned","ADM-101","Warehouse B-1","5","2026-08-29","N/A","02:27:00 AM","Sample item 363 barcode auto-assigned on import"
"SER-1364","SKU-OF-1364","","Epson WorkForce Pro Model 463 v4","Office Tech","3D Printers","Piece","18","18","18","18","0","Operational","In Stock","Yes","Unassigned","ADM-101","Warehouse B-2","5","2026-08-29","N/A","02:27:00 AM","Sample item 364 barcode auto-assigned on import"
"SER-1365","SKU-SE-1365","","Axis Camera Model 464 v5","Security & Access","Access Control","Box","19","19","19","19","0","Good condition","In Stock","Yes","Unassigned","ADM-101","Warehouse C-3","5","2026-08-29","N/A","02:27:00 AM","Sample item 365 barcode auto-assigned on import"
"SER-1366","SKU-FI-1366","","Axon Body 3 Model 465 v1","Field Ops","Rugged Tablets","Kit","20","20","20","20","0","Brand New","In Stock","Yes","Unassigned","ADM-101","HQ Floor 2","5","2026-08-29","N/A","02:27:00 AM","Sample item 366 barcode auto-assigned on import"
"SER-1367","SKU-AU-1367","","Samsung Flip Pro Model 466 v2","Audio Visual","Soundbars","Unit","21","21","21","21","0","Inspected - Good","In Stock","Yes","Unassigned","ADM-101","HQ Floor 4","5","2026-08-29","N/A","02:27:00 AM","Sample item 367 barcode auto-assigned on import"
"SER-1368","SKU-PO-1368","","Blue Sky Solar Model 467 v3","Power & Energy","Power Distribution","Set","22","22","22","22","0","Operational","In Stock","Yes","Unassigned","ADM-101","HQ Floor 7","5","2026-08-29","N/A","02:27:00 AM","Sample item 368 barcode auto-assigned on import"
"SER-1369","SKU-IN-1369","","Keyence Sensor Model 468 v4","Industrial Auto","Flow Meters","Pack","23","23","23","23","0","Good condition","In Stock","Yes","Unassigned","ADM-101","IT Room 101","5","2026-08-29","N/A","02:27:00 AM","Sample item 369 barcode auto-assigned on import"
"SER-1370","SKU-FA-1370","","Ecobee Smart Thermostat Model 469 v5","Facility & Climate","Dehumidifiers","Piece","24","24","24","24","0","Brand New","In Stock","Yes","Unassigned","ADM-101","Service Bay 3","5","2026-08-29","N/A","02:27:00 AM","Sample item 370 barcode auto-assigned on import"
"SER-1371","SKU-RO-1371","","DJI Matrice 300 RTK Model 470 v1","Robotics & Drones","Inspection Drones","Box","25","25","25","25","0","Inspected - Good","In Stock","Yes","Unassigned","ADM-101","Lab Alpha-4","5","2026-08-29","N/A","02:27:00 AM","Sample item 371 barcode auto-assigned on import"
"SER-1372","SKU-ME-1372","","Mettler Toledo Balance Model 471 v2","Medical & Lab","Spectrophotometers","Kit","26","26","26","26","0","Operational","In Stock","Yes","Unassigned","ADM-101","Clean Room 2","5","2026-08-29","N/A","02:27:00 AM","Sample item 372 barcode auto-assigned on import"
"SER-1373","SKU-CO-1373","","Asus ExpertBook Model 472 v3","Computing","Laptops","Unit","27","27","27","27","0","Good condition","In Stock","Yes","Unassigned","ADM-101","Field Ops Station Delta","5","2026-08-29","N/A","02:27:00 AM","Sample item 373 barcode auto-assigned on import"
"SER-1374","SKU-PE-1374","","Logitech MX Master Model 473 v4","Peripherals","USB Hubs","Set","28","28","28","28","0","Brand New","In Stock","Yes","Unassigned","ADM-101","Data Center West","5","2026-08-29","N/A","02:27:00 AM","Sample item 374 barcode auto-assigned on import"
"SER-1375","SKU-NE-1375","","FS.com 10G SFP+ Model 474 v5","Networking","Routers","Pack","29","29","29","29","0","Inspected - Good","In Stock","Yes","Unassigned","ADM-101","Security Office","5","2026-08-29","N/A","02:27:00 AM","Sample item 375 barcode auto-assigned on import"
"SER-1376","SKU-OF-1376","","Fellowes Powershred Model 475 v1","Office Tech","Printers","Piece","5","5","5","5","0","Operational","Low Stock","Yes","Unassigned","ADM-101","Warehouse A-1","5","2026-08-29","N/A","02:27:00 AM","Sample item 376 barcode auto-assigned on import"
"SER-1377","SKU-SE-1377","","ZKTeco Biometric Model 476 v2","Security & Access","Smart Locks","Box","6","6","6","6","0","Good condition","In Stock","Yes","Unassigned","ADM-101","Warehouse A-2","5","2026-08-29","N/A","02:27:00 AM","Sample item 377 barcode auto-assigned on import"
"SER-1378","SKU-FI-1378","","CipherLab RS35 Model 477 v3","Field Ops","Barcode Scanners","Kit","7","7","7","7","0","Brand New","In Stock","Yes","Unassigned","ADM-101","Warehouse B-1","5","2026-08-29","N/A","02:27:00 AM","Sample item 378 barcode auto-assigned on import"
"SER-1379","SKU-AU-1379","","Sony SRG-X400 Model 478 v4","Audio Visual","PTZ Cameras","Unit","8","8","8","8","0","Inspected - Good","In Stock","Yes","Unassigned","ADM-101","Warehouse B-2","5","2026-08-29","N/A","02:27:00 AM","Sample item 379 barcode auto-assigned on import"
"SER-1380","SKU-PO-1380","","CyberPower OR2200LCD Model 479 v5","Power & Energy","Solar Inverters","Set","9","9","9","9","0","Operational","In Stock","Yes","Unassigned","ADM-101","Warehouse C-3","5","2026-08-29","N/A","02:27:00 AM","Sample item 380 barcode auto-assigned on import"
"SER-1381","SKU-IN-1381","","Siemens S7-1200 Model 480 v1","Industrial Auto","PLC Controllers","Pack","10","10","10","10","0","Good condition","In Stock","Yes","Unassigned","ADM-101","HQ Floor 2","5","2026-08-29","N/A","02:27:00 AM","Sample item 381 barcode auto-assigned on import"
"SER-1382","SKU-FA-1382","","Sensaphone Remote Model 481 v2","Facility & Climate","Smart Thermostats","Piece","11","11","11","11","0","Brand New","In Stock","Yes","Unassigned","ADM-101","HQ Floor 4","5","2026-08-29","N/A","02:27:00 AM","Sample item 382 barcode auto-assigned on import"
"SER-1383","SKU-RO-1383","","Livox Mid-70 Model 482 v3","Robotics & Drones","Robotic Arms","Box","12","12","12","12","0","Inspected - Good","In Stock","Yes","Unassigned","ADM-101","HQ Floor 7","5","2026-08-29","N/A","02:27:00 AM","Sample item 383 barcode auto-assigned on import"
"SER-1384","SKU-ME-1384","","Thermo Scientific Pico 17 Model 483 v4","Medical & Lab","Thermal Cyclers","Kit","13","13","13","13","0","Operational","In Stock","Yes","Unassigned","ADM-101","IT Room 101","5","2026-08-29","N/A","02:27:00 AM","Sample item 384 barcode auto-assigned on import"
"SER-1385","SKU-CO-1385","","Apple iMac Model 484 v5","Computing","Laptops","Unit","14","14","14","14","0","Good condition","In Stock","Yes","Unassigned","ADM-101","Service Bay 3","5","2026-08-29","N/A","02:27:00 AM","Sample item 385 barcode auto-assigned on import"
"SER-1386","SKU-PE-1386","","Dell Thunderbolt Dock Model 485 v1","Peripherals","USB Hubs","Set","15","15","15","15","0","Brand New","In Stock","Yes","Unassigned","ADM-101","Lab Alpha-4","5","2026-08-29","N/A","02:27:00 AM","Sample item 386 barcode auto-assigned on import"
"SER-1387","SKU-NE-1387","","Fortinet FortiGate 60F Model 486 v2","Networking","Routers","Pack","16","16","16","16","0","Inspected - Good","In Stock","Yes","Unassigned","ADM-101","Clean Room 2","5","2026-08-29","N/A","02:27:00 AM","Sample item 387 barcode auto-assigned on import"
"SER-1388","SKU-OF-1388","","Zebra ZD421 Model 487 v3","Office Tech","Scanners","Piece","17","17","17","17","0","Operational","In Stock","Yes","Unassigned","ADM-101","Field Ops Station Delta","5","2026-08-29","N/A","02:27:00 AM","Sample item 388 barcode auto-assigned on import"
"SER-1389","SKU-SE-1389","","Yale Smart Lock Pro Model 488 v4","Security & Access","Intrusion Detectors","Box","18","18","18","18","0","Good condition","In Stock","Yes","Unassigned","ADM-101","Data Center West","5","2026-08-29","N/A","02:27:00 AM","Sample item 389 barcode auto-assigned on import"
"SER-1390","SKU-FI-1390","","Honeywell Voyager Model 489 v5","Field Ops","Thermal Printers","Kit","19","19","19","19","0","Brand New","In Stock","Yes","Unassigned","ADM-101","Security Office","5","2026-08-29","N/A","02:27:00 AM","Sample item 390 barcode auto-assigned on import"
"SER-1391","SKU-AU-1391","","Epson Pro EX10000 Model 490 v1","Audio Visual","Projectors","Unit","20","20","20","20","0","Inspected - Good","In Stock","Yes","Unassigned","ADM-101","Warehouse A-1","5","2026-08-29","N/A","02:27:00 AM","Sample item 391 barcode auto-assigned on import"
"SER-1392","SKU-PO-1392","","Raritan PX3 Model 491 v2","Power & Energy","Battery Packs","Set","21","21","21","21","0","Operational","In Stock","Yes","Unassigned","ADM-101","Warehouse A-2","5","2026-08-29","N/A","02:27:00 AM","Sample item 392 barcode auto-assigned on import"
"SER-1393","SKU-IN-1393","","Mitsubishi MELSEC Model 492 v3","Industrial Auto","HMI Panels","Pack","22","22","22","22","0","Good condition","In Stock","Yes","Unassigned","ADM-101","Warehouse B-1","5","2026-08-29","N/A","02:27:00 AM","Sample item 393 barcode auto-assigned on import"
"SER-1394","SKU-FA-1394","","Levoit Core 600S Model 493 v4","Facility & Climate","Access Floors","Piece","23","23","23","23","0","Brand New","In Stock","Yes","Unassigned","ADM-101","Warehouse B-2","5","2026-08-29","N/A","02:27:00 AM","Sample item 394 barcode auto-assigned on import"
"SER-1395","SKU-RO-1395","","MiR250 AGV Model 494 v5","Robotics & Drones","AGV Carts","Box","24","24","24","24","0","Inspected - Good","In Stock","Yes","Unassigned","ADM-101","Warehouse C-3","5","2026-08-29","N/A","02:27:00 AM","Sample item 395 barcode auto-assigned on import"
"SER-1396","SKU-ME-1396","","Bio-Rad T100 Model 495 v1","Medical & Lab","Centrifuges","Kit","25","25","25","25","0","Operational","In Stock","Yes","Unassigned","ADM-101","HQ Floor 2","5","2026-08-29","N/A","02:27:00 AM","Sample item 396 barcode auto-assigned on import"
"SER-1397","SKU-CO-1397","","Lenovo ThinkPad Model 496 v2","Computing","Laptops","Unit","26","26","26","26","0","Good condition","In Stock","Yes","Unassigned","ADM-101","HQ Floor 4","5","2026-08-29","N/A","02:27:00 AM","Sample item 397 barcode auto-assigned on import"
"SER-1398","SKU-PE-1398","","CalDigit TS4 Model 497 v3","Peripherals","USB Hubs","Set","27","27","27","27","0","Brand New","In Stock","Yes","Unassigned","ADM-101","HQ Floor 7","5","2026-08-29","N/A","02:27:00 AM","Sample item 398 barcode auto-assigned on import"
"SER-1399","SKU-NE-1399","","Aruba Instant On Model 498 v4","Networking","Routers","Pack","28","28","28","28","0","Inspected - Good","In Stock","Yes","Unassigned","ADM-101","IT Room 101","5","2026-08-29","N/A","02:27:00 AM","Sample item 399 barcode auto-assigned on import"
"SER-1400","SKU-OF-1400","","Fujitsu ScanSnap Model 499 v5","Office Tech","Shredders","Piece","29","29","29","29","0","Operational","In Stock","Yes","Unassigned","ADM-101","Service Bay 3","5","2026-08-29","N/A","02:27:00 AM","Sample item 400 barcode auto-assigned on import"